participant_id,age_bucket,gender,ai_experience,counseling_experience
P00001,36-45,F,yes,yes
P00002,36-45,Other,yes,yes
P00003,18-25,F,yes,yes
P00004,36-45,F,no,no
P00005,18-25,F,yes,yes
P00006,26-35,M,yes,yes
P00007,26-35,Other,yes,yes
P00008,26-35,F,yes,no
P00009,26-35,F,yes,yes
P00010,26-35,M,yes,yes
P00011,18-25,F,no,no
P00012,18-25,F,no,yes
P00013,18-25,F,yes,no
P00014,36-45,Other,yes,no
P00015,26-35,F,yes,yes
P00016,18-25,F,yes,no
P00017,18-25,F,no,no
P00018,18-25,M,no,yes
P00019,36-45,M,yes,no
P00020,26-35,M,no,no
P00021,18-25,M,no,no
P00022,36-45,Other,yes,no
P00023,18-25,M,no,yes
P00024,18-25,M,yes,no
P00025,36-45,M,no,no
P00026,26-35,F,yes,yes
P00027,36-45,M,yes,yes
P00028,36-45,Other,no,no
P00029,36-45,F,no,yes
P00030,26-35,Other,yes,no
P00031,18-25,M,no,yes
P00032,36-45,F,yes,no
P00033,18-25,M,no,yes
P00034,36-45,M,no,no
P00035,18-25,F,yes,yes
P00036,36-45,F,no,yes
P00037,18-25,M,yes,yes
P00038,36-45,F,no,no
P00039,18-25,M,no,no
P00040,26-35,Other,no,no
P00041,26-35,M,yes,no
P00042,18-25,F,no,yes
P00043,26-35,F,no,no
P00044,18-25,M,no,yes
P00045,36-45,F,no,yes
P00046,18-25,F,no,no
P00047,18-25,M,yes,no
P00048,26-35,M,no,yes
P00049,18-25,Other,no,no
P00050,26-35,M,no,yes
P00051,18-25,Other,no,yes
P00052,36-45,M,no,no
P00053,36-45,Other,no,no
P00054,26-35,Other,yes,no
P00055,18-25,M,yes,no
P00056,26-35,Other,no,no
P00057,18-25,M,yes,yes
P00058,18-25,F,yes,no
P00059,18-25,Other,yes,yes
P00060,36-45,M,no,yes
P00061,36-45,Other,no,no
P00062,36-45,F,yes,yes
P00063,26-35,F,yes,yes
P00064,26-35,M,yes,yes
P00065,18-25,Other,yes,yes
P00066,36-45,M,no,no
P00067,18-25,Other,no,yes
P00068,18-25,Other,no,yes
P00069,26-35,F,yes,yes
P00070,18-25,Other,no,no
P00071,36-45,F,yes,no
P00072,26-35,F,no,yes
P00073,26-35,M,no,no
P00074,18-25,F,yes,yes
P00075,36-45,M,yes,yes
P00076,26-35,F,yes,no
P00077,18-25,M,no,no
P00078,18-25,F,no,yes
P00079,36-45,M,no,yes
P00080,26-35,F,yes,no
P00081,26-35,F,no,no
P00082,26-35,M,no,yes
P00083,36-45,Other,no,yes
P00084,18-25,F,yes,no
P00085,36-45,M,no,no
P00086,36-45,M,no,no
P00087,26-35,M,no,yes
P00088,26-35,M,no,yes
P00089,18-25,M,yes,yes
P00090,36-45,F,yes,no
P00091,18-25,F,no,no
P00092,26-35,F,no,no
P00093,18-25,F,yes,no
P00094,18-25,F,no,yes
P00095,18-25,M,yes,no
P00096,18-25,Other,no,yes
P00097,18-25,M,no,no
P00098,18-25,F,no,yes
P00099,18-25,F,no,no
P00100,36-45,M,yes,yes
P00101,36-45,M,no,no
P00102,26-35,M,no,no
P00103,18-25,M,no,no
P00104,18-25,F,yes,no
P00105,18-25,F,no,yes
P00106,26-35,F,no,yes
P00107,26-35,M,yes,yes
P00108,36-45,F,no,no
P00109,36-45,Other,no,no
P00110,36-45,M,no,yes
P00111,18-25,M,yes,yes
P00112,18-25,F,yes,no
P00113,18-25,M,no,yes
P00114,18-25,Other,no,no
P00115,18-25,F,yes,no
P00116,18-25,F,yes,no
P00117,36-45,M,no,yes
P00118,36-45,Other,yes,yes
P00119,36-45,F,no,yes
P00120,26-35,F,yes,yes
P00121,36-45,F,no,no
P00122,18-25,M,no,no
P00123,26-35,F,yes,no
P00124,18-25,M,yes,no
P00125,26-35,F,no,yes
P00126,18-25,F,no,no
P00127,18-25,F,yes,yes
P00128,36-45,M,yes,yes
P00129,36-45,M,yes,yes
P00130,18-25,M,no,yes
P00131,36-45,M,yes,yes
P00132,18-25,M,no,yes
P00133,18-25,M,yes,no
P00134,18-25,M,no,yes
P00135,26-35,M,yes,no
P00136,36-45,F,yes,yes
P00137,26-35,M,no,yes
P00138,26-35,F,no,no
P00139,36-45,Other,yes,no
P00140,26-35,F,yes,no
P00141,36-45,M,no,yes
P00142,26-35,M,yes,yes
P00143,18-25,F,yes,yes
P00144,26-35,F,no,no
P00145,36-45,M,yes,no
P00146,36-45,M,no,yes
P00147,26-35,F,no,yes
P00148,36-45,F,no,no
P00149,26-35,M,no,no
P00150,26-35,F,yes,yes
P00151,36-45,F,yes,yes
P00152,36-45,M,no,no
P00153,26-35,F,no,yes
P00154,18-25,F,no,no
P00155,18-25,M,yes,yes
P00156,18-25,F,yes,yes
P00157,18-25,M,yes,no
P00158,26-35,M,yes,no
P00159,26-35,M,no,no
P00160,18-25,F,yes,no
P00161,18-25,F,no,yes
P00162,18-25,M,no,no
P00163,26-35,F,no,yes
P00164,36-45,M,no,no
P00165,18-25,F,no,yes
P00166,18-25,F,yes,no
P00167,26-35,M,yes,yes
P00168,18-25,F,no,no
P00169,26-35,M,no,no
P00170,36-45,M,no,no
P00171,18-25,Other,yes,no
P00172,18-25,M,no,yes
P00173,18-25,F,no,no
P00174,18-25,Other,no,no
P00175,26-35,Other,yes,no
P00176,26-35,F,yes,yes
P00177,18-25,F,yes,yes
P00178,18-25,Other,no,no
P00179,18-25,M,no,yes
P00180,26-35,M,no,yes
P00181,18-25,F,no,no
P00182,18-25,M,no,yes
P00183,18-25,F,yes,no
P00184,18-25,Other,yes,yes
P00185,18-25,M,no,no
P00186,36-45,F,no,no
P00187,18-25,F,no,no
P00188,18-25,Other,yes,yes
P00189,18-25,Other,yes,no
P00190,18-25,F,yes,yes
P00191,36-45,F,no,no
P00192,18-25,M,no,no
P00193,26-35,F,yes,no
P00194,18-25,M,no,no
P00195,36-45,M,no,no
P00196,36-45,M,yes,yes
P00197,18-25,F,no,no
P00198,26-35,M,yes,no
P00199,18-25,M,no,yes
P00200,26-35,F,no,no
P00201,26-35,F,yes,no
P00202,36-45,M,yes,yes
P00203,26-35,F,no,yes
P00204,26-35,F,yes,yes
P00205,36-45,M,yes,no
P00206,18-25,M,yes,no
P00207,36-45,M,yes,yes
P00208,26-35,F,no,no
P00209,26-35,M,yes,no
P00210,26-35,M,yes,yes
P00211,26-35,M,yes,no
P00212,26-35,M,no,yes
P00213,18-25,M,yes,no
P00214,26-35,Other,no,yes
P00215,36-45,F,yes,no
P00216,18-25,M,no,no
P00217,36-45,F,yes,yes
P00218,18-25,Other,yes,yes
P00219,18-25,F,yes,yes
P00220,18-25,F,yes,no
P00221,26-35,M,no,yes
P00222,18-25,F,no,no
P00223,26-35,F,no,no
P00224,36-45,M,no,no
P00225,26-35,M,no,no
P00226,18-25,M,yes,yes
P00227,18-25,M,yes,no
P00228,18-25,F,no,no
P00229,18-25,M,yes,no
P00230,26-35,F,yes,yes
P00231,18-25,F,yes,no
P00232,36-45,M,no,yes
P00233,36-45,M,yes,yes
P00234,36-45,M,no,no
P00235,18-25,M,no,yes
P00236,26-35,Other,no,yes
P00237,18-25,M,no,yes
P00238,18-25,M,yes,no
P00239,26-35,F,yes,yes
P00240,18-25,F,yes,no
P00241,26-35,F,no,no
P00242,18-25,Other,yes,no
P00243,26-35,M,no,no
P00244,26-35,Other,no,yes
P00245,18-25,Other,yes,no
P00246,36-45,F,yes,yes
P00247,26-35,M,no,yes
P00248,18-25,M,yes,yes
P00249,18-25,F,yes,yes
P00250,36-45,F,yes,yes
P00251,18-25,M,no,no
P00252,26-35,M,yes,yes
P00253,26-35,F,yes,no
P00254,18-25,M,no,no
P00255,18-25,F,yes,no
P00256,26-35,M,no,no
P00257,18-25,M,no,yes
P00258,18-25,M,no,yes
P00259,18-25,Other,no,yes
P00260,18-25,F,no,no
P00261,18-25,F,no,yes
P00262,18-25,F,yes,yes
P00263,18-25,F,no,no
P00264,18-25,F,yes,yes
P00265,36-45,M,yes,no
P00266,18-25,M,yes,no
P00267,26-35,M,no,yes
P00268,18-25,M,yes,yes
P00269,36-45,M,yes,yes
P00270,18-25,F,yes,yes
P00271,18-25,F,yes,yes
P00272,18-25,F,no,no
P00273,18-25,F,no,no
P00274,36-45,F,yes,yes
P00275,26-35,F,yes,yes
P00276,26-35,M,no,no
P00277,36-45,M,yes,no
P00278,36-45,Other,yes,yes
P00279,26-35,F,no,yes
P00280,36-45,Other,no,no
P00281,36-45,M,yes,yes
P00282,36-45,Other,no,no
P00283,26-35,M,no,yes
P00284,18-25,M,no,no
P00285,36-45,F,no,no
P00286,36-45,M,yes,no
P00287,26-35,M,no,no
P00288,18-25,M,yes,yes
P00289,18-25,F,no,yes
P00290,18-25,M,no,no
P00291,18-25,M,yes,no
P00292,18-25,Other,no,yes
P00293,26-35,F,no,yes
P00294,18-25,M,no,no
P00295,26-35,M,no,no
P00296,18-25,Other,yes,no
P00297,26-35,M,no,no
P00298,26-35,F,no,yes
P00299,36-45,F,yes,yes
P00300,36-45,M,yes,no
P00301,18-25,M,yes,yes
P00302,18-25,M,no,no
P00303,26-35,M,yes,yes
P00304,18-25,Other,no,no
P00305,36-45,M,no,yes
P00306,26-35,F,no,no
P00307,36-45,M,no,yes
P00308,36-45,Other,yes,no
P00309,18-25,M,yes,yes
P00310,36-45,M,no,no
P00311,26-35,F,no,no
P00312,18-25,M,yes,yes
P00313,18-25,M,yes,no
P00314,26-35,F,no,no
P00315,18-25,M,yes,yes
P00316,18-25,M,no,yes
P00317,18-25,F,no,yes
P00318,26-35,F,yes,yes
P00319,18-25,M,no,no
P00320,26-35,F,yes,no
P00321,18-25,M,yes,no
P00322,26-35,M,yes,yes
P00323,18-25,F,yes,yes
P00324,18-25,M,no,no
P00325,18-25,M,no,no
P00326,18-25,F,no,yes
P00327,36-45,M,yes,yes
P00328,26-35,M,no,no
P00329,36-45,Other,no,yes
P00330,26-35,F,no,yes
P00331,26-35,M,yes,yes
P00332,26-35,F,no,yes
P00333,26-35,M,no,no
P00334,26-35,M,no,yes
P00335,26-35,M,no,yes
P00336,26-35,M,yes,yes
P00337,26-35,F,yes,yes
P00338,26-35,M,yes,no
P00339,18-25,M,yes,yes
P00340,18-25,M,no,yes
P00341,18-25,F,yes,yes
P00342,26-35,F,yes,yes
P00343,36-45,F,yes,yes
P00344,18-25,M,no,yes
P00345,18-25,F,no,yes
P00346,26-35,M,yes,no
P00347,18-25,F,yes,yes
P00348,26-35,Other,no,yes
P00349,26-35,F,yes,yes
P00350,26-35,M,no,no
P00351,26-35,M,no,yes
P00352,18-25,F,yes,no
P00353,36-45,F,no,no
P00354,36-45,F,yes,no
P00355,18-25,F,yes,no
P00356,18-25,M,no,no
P00357,18-25,F,yes,no
P00358,18-25,M,yes,yes
P00359,36-45,M,yes,yes
P00360,18-25,F,no,yes
P00361,18-25,F,yes,yes
P00362,36-45,M,no,no
P00363,18-25,M,yes,yes
P00364,36-45,F,no,no
P00365,18-25,M,yes,yes
P00366,26-35,F,yes,no
P00367,36-45,M,yes,yes
P00368,26-35,Other,yes,yes
P00369,18-25,M,no,no
P00370,26-35,F,no,yes
P00371,36-45,Other,no,yes
P00372,36-45,F,yes,no
P00373,26-35,F,yes,yes
P00374,36-45,F,yes,yes
P00375,36-45,F,yes,yes
P00376,18-25,F,yes,yes
P00377,18-25,Other,yes,no
P00378,18-25,M,yes,yes
P00379,18-25,F,yes,no
P00380,36-45,M,no,yes
P00381,26-35,M,yes,no
P00382,26-35,F,no,no
P00383,26-35,M,no,no
P00384,18-25,F,no,no
P00385,18-25,M,yes,no
P00386,36-45,F,no,no
P00387,26-35,F,no,no
P00388,18-25,F,yes,no
P00389,36-45,F,yes,no
P00390,18-25,Other,no,no
P00391,36-45,M,yes,no
P00392,18-25,M,yes,yes
P00393,26-35,F,yes,yes
P00394,26-35,F,no,no
P00395,36-45,F,yes,no
P00396,36-45,Other,yes,yes
P00397,26-35,F,no,yes
P00398,18-25,F,no,yes
P00399,36-45,F,no,yes
P00400,36-45,M,no,no
P00401,36-45,F,yes,yes
P00402,36-45,F,no,yes
P00403,26-35,F,yes,no
P00404,36-45,F,yes,no
P00405,26-35,F,yes,yes
P00406,18-25,F,yes,yes
P00407,26-35,F,no,yes
P00408,36-45,F,yes,no
P00409,26-35,F,no,no
P00410,26-35,F,yes,no
P00411,18-25,M,yes,no
P00412,26-35,M,no,no
P00413,26-35,F,no,yes
P00414,36-45,F,no,no
P00415,18-25,M,no,yes
P00416,18-25,F,no,yes
P00417,18-25,M,no,no
P00418,36-45,M,no,no
P00419,18-25,M,no,yes
P00420,18-25,F,yes,no
P00421,36-45,M,yes,no
P00422,26-35,F,no,yes
P00423,36-45,M,yes,no
P00424,26-35,F,no,no
P00425,26-35,M,yes,yes
P00426,36-45,M,no,yes
P00427,26-35,M,no,yes
P00428,36-45,F,yes,no
P00429,26-35,F,yes,yes
P00430,36-45,M,yes,yes
P00431,18-25,F,no,yes
P00432,26-35,M,yes,yes
P00433,36-45,M,no,yes
P00434,26-35,M,no,no
P00435,36-45,M,yes,no
P00436,18-25,M,no,no
P00437,26-35,M,no,yes
P00438,18-25,M,yes,no
P00439,36-45,M,no,yes
P00440,26-35,F,yes,no
P00441,18-25,F,yes,no
P00442,36-45,F,yes,yes
P00443,18-25,F,no,yes
P00444,36-45,Other,no,yes
P00445,18-25,M,no,yes
P00446,26-35,M,yes,yes
P00447,18-25,F,yes,no
P00448,26-35,M,yes,yes
P00449,26-35,F,yes,yes
P00450,36-45,F,no,yes
P00451,36-45,Other,yes,yes
P00452,26-35,F,yes,yes
P00453,36-45,M,no,yes
P00454,26-35,M,no,yes
P00455,18-25,M,yes,yes
P00456,36-45,M,no,no
P00457,26-35,F,yes,no
P00458,18-25,F,no,yes
P00459,36-45,F,yes,no
P00460,18-25,M,no,yes
P00461,36-45,F,no,no
P00462,26-35,F,no,no
P00463,18-25,F,no,no
P00464,36-45,M,yes,no
P00465,26-35,F,no,yes
P00466,26-35,M,yes,no
P00467,26-35,M,no,yes
P00468,18-25,M,yes,no
P00469,18-25,F,no,yes
P00470,18-25,M,no,no
P00471,26-35,F,no,yes
P00472,26-35,F,yes,no
P00473,26-35,F,yes,yes
P00474,18-25,F,no,no
P00475,18-25,M,no,no
P00476,36-45,M,no,yes
P00477,18-25,M,yes,no
P00478,18-25,M,yes,yes
P00479,36-45,M,yes,yes
P00480,18-25,F,no,no
P00481,36-45,M,yes,yes
P00482,18-25,M,yes,no
P00483,36-45,M,yes,yes
P00484,36-45,Other,no,no
P00485,18-25,M,no,yes
P00486,18-25,F,no,yes
P00487,36-45,F,yes,yes
P00488,18-25,M,yes,no
P00489,26-35,F,no,yes
P00490,36-45,F,no,no
P00491,36-45,M,no,yes
P00492,36-45,M,no,no
P00493,26-35,M,no,no
P00494,36-45,M,yes,no
P00495,18-25,Other,no,yes
P00496,26-35,F,yes,no
P00497,36-45,M,yes,yes
P00498,18-25,M,no,yes
P00499,26-35,M,yes,yes
P00500,36-45,M,no,yes
P00501,36-45,M,no,no
P00502,26-35,F,no,no
P00503,26-35,M,no,no
P00504,18-25,F,yes,yes
P00505,26-35,F,yes,yes
P00506,36-45,M,no,no
P00507,18-25,F,no,no
P00508,26-35,F,yes,yes
P00509,18-25,Other,no,yes
P00510,26-35,F,yes,no
P00511,18-25,F,yes,no
P00512,18-25,M,yes,no
P00513,26-35,M,yes,no
P00514,18-25,M,yes,no
P00515,18-25,M,no,yes
P00516,26-35,Other,no,yes
P00517,18-25,Other,yes,yes
P00518,26-35,M,no,no
P00519,18-25,F,no,no
P00520,18-25,M,no,no
P00521,26-35,F,no,yes
P00522,26-35,F,no,no
P00523,36-45,M,no,yes
P00524,26-35,F,yes,no
P00525,18-25,F,no,no
P00526,36-45,M,no,no
P00527,26-35,F,yes,yes
P00528,36-45,M,yes,yes
P00529,36-45,M,no,no
P00530,36-45,F,yes,no
P00531,18-25,F,yes,yes
P00532,36-45,F,no,no
P00533,18-25,M,no,no
P00534,26-35,F,yes,no
P00535,18-25,F,no,yes
P00536,36-45,Other,yes,yes
P00537,26-35,F,no,no
P00538,18-25,F,no,yes
P00539,18-25,F,yes,yes
P00540,26-35,F,yes,no
P00541,26-35,F,yes,yes
P00542,18-25,M,yes,no
P00543,18-25,M,yes,yes
P00544,18-25,M,yes,yes
P00545,36-45,M,yes,yes
P00546,26-35,F,yes,yes
P00547,26-35,F,yes,yes
P00548,26-35,F,no,yes
P00549,26-35,F,yes,no
P00550,18-25,M,no,no
P00551,36-45,F,no,no
P00552,26-35,M,yes,no
P00553,18-25,M,no,yes
P00554,26-35,F,no,no
P00555,18-25,F,no,yes
P00556,26-35,M,yes,no
P00557,26-35,M,no,yes
P00558,36-45,M,no,yes
P00559,18-25,F,no,yes
P00560,18-25,F,no,no
P00561,26-35,F,yes,no
P00562,26-35,M,no,yes
P00563,36-45,F,yes,no
P00564,18-25,F,no,yes
P00565,36-45,F,yes,yes
P00566,26-35,M,yes,yes
P00567,18-25,M,no,no
P00568,36-45,F,yes,yes
P00569,18-25,F,no,no
P00570,18-25,F,yes,yes
P00571,26-35,M,no,no
P00572,26-35,F,yes,no
P00573,36-45,M,yes,yes
P00574,18-25,M,no,yes
P00575,26-35,M,yes,yes
P00576,26-35,F,no,yes
P00577,18-25,M,no,yes
P00578,18-25,F,yes,no
P00579,18-25,M,yes,yes
P00580,26-35,M,no,no
P00581,18-25,M,no,no
P00582,26-35,F,yes,yes
P00583,26-35,F,yes,yes
P00584,26-35,F,yes,no
P00585,26-35,M,no,no
P00586,36-45,M,no,yes
P00587,36-45,F,yes,yes
P00588,26-35,M,no,yes
P00589,36-45,Other,yes,yes
P00590,36-45,M,no,no
P00591,36-45,M,yes,yes
P00592,18-25,F,yes,no
P00593,26-35,M,yes,yes
P00594,26-35,M,yes,no
P00595,18-25,F,no,no
P00596,18-25,M,yes,no
P00597,36-45,F,yes,no
P00598,36-45,Other,no,no
P00599,36-45,M,yes,no
P00600,18-25,M,yes,yes
P00601,26-35,F,yes,no
P00602,18-25,M,yes,yes
P00603,18-25,M,yes,no
P00604,26-35,M,yes,no
P00605,26-35,F,yes,yes
P00606,26-35,M,no,no
P00607,18-25,F,no,yes
P00608,26-35,F,no,yes
P00609,26-35,F,yes,yes
P00610,36-45,Other,no,yes
P00611,26-35,F,no,no
P00612,36-45,M,no,no
P00613,18-25,F,no,no
P00614,26-35,F,no,no
P00615,26-35,F,no,no
P00616,36-45,M,yes,yes
P00617,18-25,M,yes,yes
P00618,36-45,M,yes,yes
P00619,36-45,Other,yes,yes
P00620,26-35,F,yes,yes
P00621,26-35,M,no,no
P00622,26-35,M,no,yes
P00623,36-45,M,yes,no
P00624,36-45,M,yes,no
P00625,36-45,M,no,yes
P00626,26-35,M,no,no
P00627,36-45,M,no,no
P00628,18-25,F,no,no
P00629,18-25,M,no,no
P00630,18-25,M,no,no
P00631,18-25,F,yes,yes
P00632,18-25,F,no,no
P00633,36-45,M,yes,yes
P00634,26-35,F,yes,no
P00635,36-45,M,yes,yes
P00636,26-35,M,yes,no
P00637,18-25,M,no,yes
P00638,26-35,F,no,no
P00639,36-45,F,yes,no
P00640,26-35,M,no,yes
P00641,36-45,F,no,no
P00642,26-35,F,no,no
P00643,18-25,M,no,yes
P00644,26-35,M,yes,no
P00645,36-45,F,yes,yes
P00646,26-35,F,no,yes
P00647,26-35,Other,no,no
P00648,36-45,M,no,yes
P00649,26-35,Other,yes,yes
P00650,36-45,F,no,no
P00651,36-45,F,yes,no
P00652,18-25,F,yes,no
P00653,18-25,F,yes,yes
P00654,18-25,M,yes,yes
P00655,18-25,Other,no,no
P00656,18-25,F,yes,yes
P00657,18-25,M,no,yes
P00658,26-35,F,no,no
P00659,26-35,M,no,no
P00660,36-45,F,no,yes
P00661,26-35,F,yes,no
P00662,18-25,F,no,yes
P00663,36-45,M,yes,yes
P00664,26-35,F,no,no
P00665,36-45,F,no,no
P00666,18-25,M,yes,no
P00667,36-45,Other,no,yes
P00668,18-25,M,no,yes
P00669,36-45,F,yes,yes
P00670,26-35,Other,no,no
P00671,26-35,M,no,no
P00672,36-45,M,yes,no
P00673,36-45,F,yes,yes
P00674,18-25,Other,yes,yes
P00675,18-25,F,yes,yes
P00676,18-25,F,yes,no
P00677,18-25,F,yes,no
P00678,26-35,F,no,no
P00679,26-35,M,yes,no
P00680,36-45,Other,yes,yes
P00681,18-25,M,no,no
P00682,26-35,M,yes,yes
P00683,36-45,F,yes,yes
P00684,26-35,F,no,yes
P00685,36-45,F,no,no
P00686,18-25,F,no,yes
P00687,36-45,F,no,no
P00688,36-45,F,no,yes
P00689,18-25,M,no,yes
P00690,26-35,F,no,yes
P00691,36-45,M,yes,no
P00692,18-25,M,no,yes
P00693,26-35,M,yes,no
P00694,36-45,F,yes,no
P00695,18-25,F,yes,no
P00696,18-25,M,no,yes
P00697,36-45,Other,no,yes
P00698,18-25,M,yes,no
P00699,18-25,F,no,no
P00700,26-35,Other,no,yes
P00701,18-25,F,no,yes
P00702,36-45,M,no,yes
P00703,18-25,F,yes,no
P00704,36-45,F,yes,yes
P00705,26-35,M,no,no
P00706,36-45,F,yes,yes
P00707,36-45,M,no,yes
P00708,26-35,F,yes,yes
P00709,26-35,M,yes,yes
P00710,18-25,F,yes,yes
P00711,26-35,F,no,yes
P00712,18-25,F,yes,no
P00713,36-45,Other,yes,yes
P00714,26-35,F,yes,no
P00715,26-35,M,yes,no
P00716,36-45,M,yes,yes
P00717,18-25,M,no,yes
P00718,26-35,F,yes,no
P00719,18-25,F,yes,yes
P00720,18-25,M,yes,no
P00721,18-25,Other,no,no
P00722,36-45,M,no,no
P00723,36-45,F,yes,no
P00724,18-25,M,yes,yes
P00725,18-25,F,no,no
P00726,36-45,Other,no,yes
P00727,18-25,M,yes,yes
P00728,18-25,F,yes,yes
P00729,36-45,F,yes,yes
P00730,18-25,F,yes,yes
P00731,18-25,M,no,yes
P00732,36-45,F,yes,no
P00733,26-35,M,no,yes
P00734,18-25,M,yes,no
P00735,26-35,F,no,no
P00736,26-35,F,yes,no
P00737,26-35,F,yes,no
P00738,18-25,F,no,yes
P00739,18-25,F,no,no
P00740,36-45,M,no,yes
P00741,36-45,M,yes,yes
P00742,18-25,Other,no,no
P00743,26-35,M,yes,yes
P00744,36-45,F,no,yes
P00745,18-25,M,no,yes
P00746,18-25,F,yes,no
P00747,36-45,F,no,no
P00748,36-45,M,no,no
P00749,26-35,M,yes,no
P00750,18-25,F,yes,no
P00751,26-35,M,yes,yes
P00752,26-35,M,no,yes
P00753,26-35,F,yes,yes
P00754,18-25,F,no,yes
P00755,18-25,F,yes,yes
P00756,26-35,M,no,no
P00757,26-35,F,yes,yes
P00758,36-45,Other,yes,yes
P00759,18-25,F,yes,yes
P00760,26-35,F,yes,no
P00761,36-45,M,yes,yes
P00762,18-25,M,yes,no
P00763,18-25,Other,yes,no
P00764,36-45,F,no,yes
P00765,36-45,M,yes,no
P00766,36-45,M,no,yes
P00767,18-25,F,no,no
P00768,26-35,M,yes,yes
P00769,36-45,M,yes,no
P00770,18-25,M,yes,yes
P00771,18-25,M,yes,yes
P00772,26-35,F,no,yes
P00773,18-25,F,no,yes
P00774,18-25,F,no,yes
P00775,26-35,F,yes,yes
P00776,26-35,M,yes,no
P00777,36-45,F,yes,no
P00778,36-45,Other,yes,no
P00779,36-45,M,yes,yes
P00780,26-35,M,no,yes
P00781,18-25,M,yes,yes
P00782,26-35,M,yes,no
P00783,36-45,Other,yes,no
P00784,18-25,M,no,no
P00785,18-25,Other,yes,yes
P00786,18-25,F,yes,no
P00787,36-45,F,no,no
P00788,26-35,F,no,no
P00789,18-25,M,no,yes
P00790,26-35,M,no,no
P00791,36-45,F,yes,yes
P00792,18-25,M,yes,yes
P00793,26-35,F,no,no
P00794,26-35,M,yes,no
P00795,26-35,F,yes,no
P00796,36-45,M,no,yes
P00797,26-35,M,yes,yes
P00798,26-35,M,no,no
P00799,18-25,F,yes,no
P00800,36-45,F,no,no
P00801,36-45,M,no,yes
P00802,26-35,M,no,yes
P00803,26-35,F,no,yes
P00804,18-25,F,yes,no
P00805,26-35,F,no,yes
P00806,26-35,F,no,yes
P00807,36-45,F,yes,yes
P00808,18-25,M,yes,no
P00809,26-35,M,no,yes
P00810,36-45,F,no,no
P00811,26-35,M,no,yes
P00812,18-25,M,no,yes
P00813,36-45,M,no,yes
P00814,18-25,M,yes,yes
P00815,36-45,F,no,no
P00816,36-45,M,yes,no
P00817,18-25,F,yes,yes
P00818,26-35,F,yes,no
P00819,26-35,F,yes,no
P00820,18-25,F,yes,yes
P00821,36-45,M,yes,no
P00822,36-45,Other,yes,no
P00823,36-45,F,no,yes
P00824,18-25,F,no,yes
P00825,18-25,F,yes,no
P00826,36-45,M,no,no
P00827,18-25,F,yes,no
P00828,26-35,F,yes,yes
P00829,18-25,F,yes,no
P00830,18-25,M,yes,yes
P00831,18-25,F,yes,yes
P00832,36-45,Other,yes,no
P00833,18-25,F,no,yes
P00834,18-25,F,no,no
P00835,18-25,M,yes,yes
P00836,18-25,F,no,no
P00837,26-35,M,no,no
P00838,36-45,F,no,no
P00839,18-25,M,no,yes
P00840,18-25,F,no,yes
P00841,26-35,M,yes,yes
P00842,26-35,F,no,no
P00843,36-45,M,no,no
P00844,26-35,M,no,no
P00845,18-25,F,no,no
P00846,18-25,M,yes,no
P00847,36-45,M,yes,yes
P00848,26-35,M,yes,no
P00849,36-45,M,yes,no
P00850,18-25,M,yes,no
P00851,18-25,M,yes,no
P00852,26-35,F,no,yes
P00853,18-25,M,yes,yes
P00854,26-35,M,yes,yes
P00855,36-45,M,no,yes
P00856,36-45,M,yes,no
P00857,26-35,M,no,no
P00858,18-25,F,yes,yes
P00859,18-25,F,no,yes
P00860,18-25,M,no,yes
P00861,36-45,M,no,yes
P00862,18-25,M,no,no
P00863,26-35,F,no,yes
P00864,36-45,M,yes,no
P00865,18-25,M,no,yes
P00866,18-25,M,no,yes
P00867,18-25,M,yes,yes
P00868,36-45,M,yes,no
P00869,18-25,F,yes,no
P00870,18-25,M,yes,no
P00871,36-45,M,no,no
P00872,18-25,F,yes,no
P00873,18-25,M,yes,yes
P00874,26-35,M,yes,no
P00875,36-45,M,yes,yes
P00876,36-45,Other,no,no
P00877,18-25,M,no,yes
P00878,18-25,M,yes,no
P00879,26-35,F,yes,no
P00880,18-25,M,yes,no
P00881,18-25,M,yes,yes
P00882,26-35,F,yes,yes
P00883,36-45,Other,yes,no
P00884,26-35,M,no,no
P00885,26-35,Other,no,yes
P00886,18-25,F,no,yes
P00887,18-25,Other,no,no
P00888,18-25,Other,no,yes
P00889,18-25,M,yes,no
P00890,18-25,F,yes,yes
P00891,36-45,F,no,yes
P00892,36-45,M,yes,yes
P00893,18-25,F,no,no
P00894,26-35,F,no,no
P00895,18-25,M,yes,yes
P00896,26-35,F,no,no
P00897,18-25,M,no,no
P00898,26-35,F,yes,no
P00899,18-25,M,no,no
P00900,18-25,Other,yes,no
P00901,36-45,Other,yes,yes
P00902,26-35,F,no,yes
P00903,18-25,F,yes,no
P00904,26-35,F,yes,yes
P00905,36-45,Other,no,yes
P00906,26-35,M,yes,yes
P00907,36-45,Other,no,no
P00908,18-25,M,yes,no
P00909,26-35,F,no,yes
P00910,26-35,F,yes,no
P00911,26-35,F,yes,yes
P00912,18-25,M,yes,no
P00913,26-35,F,no,yes
P00914,36-45,M,yes,yes
P00915,18-25,M,no,yes
P00916,36-45,F,yes,no
P00917,18-25,F,no,no
P00918,36-45,M,no,no
P00919,26-35,M,no,yes
P00920,36-45,F,no,yes
P00921,36-45,M,no,yes
P00922,36-45,M,yes,yes
P00923,26-35,M,yes,yes
P00924,26-35,M,no,yes
P00925,26-35,F,no,yes
P00926,36-45,M,no,no
P00927,26-35,M,no,yes
P00928,26-35,F,yes,no
P00929,26-35,M,yes,no
P00930,26-35,F,no,no
P00931,26-35,F,no,yes
P00932,18-25,F,yes,no
P00933,26-35,F,no,yes
P00934,26-35,F,yes,yes
P00935,18-25,F,yes,yes
P00936,18-25,M,no,yes
P00937,36-45,F,yes,yes
P00938,26-35,M,no,no
P00939,36-45,M,yes,no
P00940,26-35,M,yes,yes
P00941,18-25,M,no,no
P00942,36-45,F,no,yes
P00943,26-35,F,yes,no
P00944,36-45,F,no,yes
P00945,26-35,M,yes,no
P00946,26-35,F,yes,no
P00947,18-25,M,no,yes
P00948,18-25,M,yes,yes
P00949,36-45,M,no,yes
P00950,18-25,Other,no,no
P00951,26-35,M,no,yes
P00952,18-25,F,no,no
P00953,18-25,F,no,no
P00954,26-35,F,yes,yes
P00955,26-35,F,no,yes
P00956,18-25,M,no,yes
P00957,26-35,M,no,yes
P00958,18-25,M,yes,yes
P00959,26-35,F,yes,yes
P00960,26-35,M,no,no
P00961,18-25,M,no,no
P00962,26-35,M,yes,yes
P00963,36-45,F,yes,yes
P00964,18-25,F,yes,yes
P00965,36-45,F,no,no
P00966,18-25,F,yes,yes
P00967,18-25,F,yes,yes
P00968,36-45,M,no,no
P00969,36-45,Other,no,no
P00970,36-45,F,no,no
P00971,26-35,F,yes,yes
P00972,36-45,M,yes,yes
P00973,18-25,M,no,yes
P00974,26-35,F,no,yes
P00975,18-25,M,no,no
P00976,18-25,M,no,yes
P00977,18-25,M,yes,no
P00978,26-35,M,yes,yes
P00979,26-35,M,yes,no
P00980,36-45,M,no,yes
P00981,26-35,F,yes,no
P00982,26-35,M,no,no
P00983,18-25,M,yes,no
P00984,26-35,M,no,yes
P00985,26-35,F,no,yes
P00986,18-25,M,no,no
P00987,18-25,M,no,yes
P00988,26-35,F,no,yes
P00989,26-35,M,no,yes
P00990,18-25,M,no,yes
P00991,36-45,F,no,yes
P00992,18-25,Other,yes,yes
P00993,36-45,F,yes,no
P00994,26-35,Other,no,yes
P00995,18-25,F,no,no
P00996,26-35,F,yes,no
P00997,18-25,F,no,yes
P00998,26-35,Other,no,yes
P00999,36-45,M,yes,no
P01000,18-25,Other,yes,yes
P01001,36-45,Other,no,no
P01002,26-35,F,yes,no
P01003,36-45,F,no,no
P01004,26-35,F,yes,no
P01005,26-35,F,no,yes
P01006,18-25,F,no,no
P01007,36-45,M,yes,no
P01008,36-45,F,yes,yes
P01009,26-35,Other,yes,no
P01010,36-45,M,yes,no
P01011,18-25,F,no,no
P01012,18-25,M,yes,yes
P01013,18-25,M,yes,yes
P01014,26-35,Other,no,no
P01015,26-35,Other,no,yes
P01016,36-45,F,yes,yes
P01017,18-25,M,no,yes
P01018,26-35,F,yes,yes
P01019,18-25,M,no,no
P01020,18-25,F,yes,yes
P01021,36-45,F,no,no
P01022,36-45,F,no,yes
P01023,18-25,Other,yes,yes
P01024,18-25,M,no,no
P01025,18-25,F,no,no
P01026,18-25,F,yes,yes
P01027,36-45,M,no,no
P01028,36-45,M,no,no
P01029,18-25,Other,no,yes
P01030,26-35,M,yes,yes
P01031,26-35,F,yes,no
P01032,18-25,M,no,yes
P01033,18-25,M,yes,yes
P01034,26-35,F,no,no
P01035,18-25,F,no,yes
P01036,26-35,M,yes,no
P01037,26-35,M,no,yes
P01038,18-25,M,yes,yes
P01039,18-25,Other,yes,no
P01040,26-35,M,yes,yes
P01041,36-45,M,yes,yes
P01042,18-25,M,yes,no
P01043,26-35,M,no,no
P01044,18-25,M,yes,no
P01045,18-25,F,no,no
P01046,18-25,F,no,yes
P01047,18-25,M,no,no
P01048,18-25,M,yes,no
P01049,26-35,F,no,no
P01050,36-45,F,no,yes
P01051,26-35,M,no,no
P01052,26-35,F,no,yes
P01053,36-45,F,yes,yes
P01054,18-25,F,yes,no
P01055,18-25,M,yes,yes
P01056,18-25,F,no,no
P01057,36-45,F,no,no
P01058,26-35,M,yes,yes
P01059,18-25,Other,no,yes
P01060,26-35,F,no,no
P01061,36-45,F,no,no
P01062,18-25,F,no,no
P01063,26-35,M,yes,no
P01064,26-35,M,yes,no
P01065,36-45,F,yes,yes
P01066,36-45,M,yes,yes
P01067,18-25,M,no,yes
P01068,18-25,F,yes,no
P01069,18-25,F,yes,no
P01070,26-35,M,yes,yes
P01071,26-35,Other,yes,no
P01072,26-35,Other,yes,yes
P01073,36-45,F,no,no
P01074,18-25,F,no,no
P01075,36-45,F,no,yes
P01076,26-35,F,no,yes
P01077,36-45,F,no,yes
P01078,18-25,F,yes,no
P01079,26-35,M,no,yes
P01080,26-35,M,no,yes
P01081,18-25,F,yes,no
P01082,26-35,M,yes,no
P01083,36-45,F,no,no
P01084,18-25,Other,no,yes
P01085,18-25,F,yes,no
P01086,36-45,M,yes,yes
P01087,18-25,F,no,yes
P01088,26-35,F,yes,no
P01089,36-45,F,no,yes
P01090,26-35,M,yes,yes
P01091,36-45,M,yes,no
P01092,36-45,M,yes,yes
P01093,18-25,M,yes,no
P01094,26-35,M,yes,yes
P01095,18-25,M,no,no
P01096,26-35,F,no,yes
P01097,18-25,F,yes,yes
P01098,26-35,Other,yes,no
P01099,18-25,M,no,yes
P01100,18-25,F,yes,yes
P01101,36-45,M,yes,no
P01102,36-45,M,yes,no
P01103,26-35,F,no,yes
P01104,18-25,M,yes,no
P01105,26-35,M,no,yes
P01106,26-35,M,no,yes
P01107,18-25,M,no,no
P01108,26-35,M,no,no
P01109,36-45,F,yes,no
P01110,18-25,F,yes,yes
P01111,36-45,F,yes,no
P01112,18-25,M,no,yes
P01113,18-25,F,yes,no
P01114,18-25,M,no,yes
P01115,26-35,F,yes,yes
P01116,18-25,M,yes,no
P01117,36-45,Other,no,no
P01118,18-25,M,no,yes
P01119,36-45,M,yes,yes
P01120,18-25,F,yes,no
P01121,18-25,M,yes,no
P01122,36-45,M,yes,yes
P01123,18-25,M,no,yes
P01124,18-25,F,yes,yes
P01125,18-25,F,no,yes
P01126,26-35,M,no,yes
P01127,18-25,Other,no,no
P01128,18-25,M,no,yes
P01129,26-35,M,no,no
P01130,18-25,F,yes,no
P01131,26-35,F,no,yes
P01132,18-25,M,yes,yes
P01133,26-35,M,no,yes
P01134,36-45,F,yes,yes
P01135,36-45,Other,yes,no
P01136,18-25,M,no,yes
P01137,36-45,M,yes,yes
P01138,26-35,F,yes,yes
P01139,18-25,M,no,no
P01140,26-35,M,no,yes
P01141,26-35,F,yes,yes
P01142,26-35,M,no,no
P01143,26-35,F,no,yes
P01144,18-25,F,no,yes
P01145,26-35,F,yes,yes
P01146,18-25,F,no,no
P01147,18-25,M,no,yes
P01148,36-45,Other,no,yes
P01149,26-35,F,no,no
P01150,26-35,F,no,yes
P01151,26-35,F,yes,yes
P01152,36-45,Other,yes,yes
P01153,36-45,F,no,yes
P01154,26-35,M,no,yes
P01155,18-25,F,no,no
P01156,18-25,M,yes,no
P01157,26-35,F,no,no
P01158,36-45,F,no,yes
P01159,18-25,F,no,yes
P01160,26-35,M,no,yes
P01161,26-35,F,yes,yes
P01162,26-35,F,no,no
P01163,36-45,F,no,no
P01164,18-25,M,no,yes
P01165,18-25,Other,yes,yes
P01166,18-25,F,yes,no
P01167,36-45,M,no,no
P01168,36-45,M,yes,no
P01169,36-45,M,no,yes
P01170,18-25,F,no,no
P01171,18-25,M,no,yes
P01172,18-25,M,yes,no
P01173,36-45,Other,no,yes
P01174,26-35,Other,yes,no
P01175,18-25,F,yes,yes
P01176,18-25,Other,yes,yes
P01177,36-45,F,no,yes
P01178,26-35,F,no,yes
P01179,26-35,M,no,yes
P01180,26-35,F,yes,no
P01181,36-45,F,no,no
P01182,18-25,F,yes,yes
P01183,18-25,M,yes,yes
P01184,26-35,M,no,no
P01185,18-25,M,yes,yes
P01186,26-35,M,no,yes
P01187,18-25,M,no,no
P01188,36-45,M,yes,yes
P01189,36-45,F,no,yes
P01190,26-35,F,no,yes
P01191,36-45,F,no,yes
P01192,18-25,F,no,no
P01193,18-25,M,no,no
P01194,36-45,M,yes,yes
P01195,26-35,M,yes,yes
P01196,18-25,F,no,yes
P01197,26-35,M,no,no
P01198,18-25,M,no,yes
P01199,36-45,M,no,yes
P01200,18-25,Other,yes,no
P01201,18-25,F,yes,no
P01202,18-25,Other,yes,no
P01203,36-45,M,no,no
P01204,18-25,M,yes,no
P01205,18-25,M,yes,yes
P01206,18-25,F,no,yes
P01207,36-45,M,no,yes
P01208,36-45,M,no,no
P01209,18-25,M,no,no
P01210,26-35,F,no,no
P01211,36-45,M,yes,no
P01212,18-25,F,no,yes
P01213,26-35,F,yes,no
P01214,26-35,F,yes,no
P01215,26-35,F,yes,yes
P01216,18-25,F,yes,no
P01217,36-45,M,no,yes
P01218,26-35,F,no,yes
P01219,36-45,M,yes,no
P01220,26-35,F,no,no
P01221,26-35,F,yes,yes
P01222,36-45,Other,yes,no
P01223,26-35,M,no,yes
P01224,36-45,M,no,no
P01225,26-35,Other,yes,no
P01226,26-35,F,no,yes
P01227,26-35,M,yes,no
P01228,18-25,M,yes,yes
P01229,26-35,F,no,no
P01230,18-25,M,no,yes
P01231,36-45,F,no,yes
P01232,18-25,F,no,no
P01233,18-25,M,no,no
P01234,26-35,M,no,no
P01235,36-45,M,yes,yes
P01236,26-35,M,no,yes
P01237,26-35,F,no,no
P01238,26-35,F,yes,no
P01239,18-25,M,yes,no
P01240,26-35,F,yes,yes
P01241,18-25,M,yes,yes
P01242,26-35,M,yes,no
P01243,36-45,F,no,yes
P01244,36-45,F,yes,yes
P01245,26-35,F,yes,no
P01246,26-35,M,yes,yes
P01247,26-35,F,yes,yes
P01248,18-25,F,yes,no
P01249,18-25,F,no,no
P01250,18-25,M,yes,yes
P01251,36-45,F,yes,yes
P01252,26-35,F,no,yes
P01253,26-35,M,yes,yes
P01254,36-45,M,no,yes
P01255,18-25,F,no,yes
P01256,36-45,M,no,yes
P01257,18-25,F,no,yes
P01258,26-35,M,no,no
P01259,36-45,F,no,no
P01260,36-45,F,no,no
P01261,26-35,F,no,yes
P01262,26-35,F,no,no
P01263,26-35,M,no,no
P01264,26-35,M,yes,no
P01265,26-35,F,yes,yes
P01266,36-45,F,yes,no
P01267,18-25,M,yes,yes
P01268,26-35,M,yes,no
P01269,26-35,M,yes,no
P01270,36-45,F,yes,no
P01271,26-35,M,yes,no
P01272,18-25,M,no,no
P01273,36-45,M,no,yes
P01274,18-25,F,no,yes
P01275,18-25,Other,yes,yes
P01276,26-35,F,yes,yes
P01277,18-25,M,no,yes
P01278,36-45,Other,no,yes
P01279,18-25,Other,yes,no
P01280,18-25,M,yes,yes
P01281,18-25,M,yes,no
P01282,26-35,F,no,no
P01283,26-35,F,yes,no
P01284,18-25,Other,yes,yes
P01285,26-35,F,no,yes
P01286,18-25,Other,no,no
P01287,18-25,F,yes,no
P01288,26-35,F,yes,yes
P01289,26-35,M,yes,yes
P01290,18-25,M,no,yes
P01291,18-25,M,no,no
P01292,26-35,M,yes,no
P01293,26-35,M,yes,no
P01294,26-35,M,no,yes
P01295,18-25,F,yes,no
P01296,36-45,M,yes,yes
P01297,18-25,M,yes,yes
P01298,26-35,M,no,no
P01299,36-45,M,yes,no
P01300,36-45,F,yes,yes
P01301,36-45,F,yes,no
P01302,18-25,F,no,no
P01303,18-25,F,yes,no
P01304,18-25,F,yes,no
P01305,18-25,M,no,yes
P01306,26-35,M,yes,no
P01307,36-45,F,no,no
P01308,26-35,F,no,yes
P01309,26-35,Other,yes,no
P01310,18-25,Other,no,yes
P01311,18-25,F,no,yes
P01312,36-45,F,no,no
P01313,18-25,F,no,no
P01314,26-35,F,yes,yes
P01315,26-35,F,no,no
P01316,18-25,F,yes,no
P01317,18-25,F,yes,yes
P01318,18-25,M,yes,no
P01319,18-25,M,no,no
P01320,26-35,M,no,yes
P01321,26-35,F,yes,yes
P01322,18-25,F,no,yes
P01323,18-25,M,yes,no
P01324,36-45,F,yes,yes
P01325,18-25,M,no,no
P01326,26-35,F,yes,no
P01327,18-25,F,yes,no
P01328,26-35,Other,yes,yes
P01329,26-35,M,no,yes
P01330,26-35,F,yes,no
P01331,18-25,F,no,yes
P01332,18-25,F,no,no
P01333,26-35,M,yes,yes
P01334,36-45,F,no,yes
P01335,18-25,M,no,no
P01336,18-25,M,yes,no
P01337,26-35,M,no,no
P01338,18-25,M,yes,no
P01339,18-25,M,yes,no
P01340,36-45,M,yes,yes
P01341,36-45,M,no,no
P01342,36-45,F,yes,yes
P01343,36-45,F,yes,yes
P01344,18-25,F,no,no
P01345,18-25,M,no,no
P01346,18-25,M,no,yes
P01347,26-35,M,yes,yes
P01348,36-45,M,yes,no
P01349,18-25,M,yes,no
P01350,18-25,M,no,yes
P01351,36-45,F,yes,yes
P01352,36-45,F,yes,no
P01353,36-45,Other,yes,yes
P01354,36-45,M,yes,no
P01355,18-25,F,yes,yes
P01356,26-35,M,yes,yes
P01357,26-35,F,yes,yes
P01358,36-45,F,no,no
P01359,36-45,M,no,no
P01360,26-35,F,no,no
P01361,18-25,F,no,no
P01362,18-25,M,yes,no
P01363,26-35,F,no,yes
P01364,18-25,F,no,no
P01365,36-45,M,no,no
P01366,26-35,F,no,no
P01367,18-25,M,yes,yes
P01368,18-25,M,no,no
P01369,36-45,F,yes,no
P01370,18-25,F,yes,no
P01371,18-25,F,no,yes
P01372,36-45,F,yes,no
P01373,26-35,Other,no,no
P01374,26-35,F,no,no
P01375,26-35,M,no,yes
P01376,18-25,Other,yes,no
P01377,18-25,M,no,no
P01378,18-25,M,yes,no
P01379,36-45,M,no,yes
P01380,18-25,F,no,no
P01381,36-45,Other,no,no
P01382,18-25,Other,yes,no
P01383,36-45,F,no,yes
P01384,26-35,M,no,yes
P01385,26-35,M,no,yes
P01386,26-35,M,yes,yes
P01387,18-25,F,yes,yes
P01388,26-35,F,yes,yes
P01389,36-45,M,no,yes
P01390,18-25,F,no,yes
P01391,18-25,F,no,yes
P01392,36-45,F,yes,yes
P01393,36-45,M,yes,no
P01394,18-25,M,yes,no
P01395,18-25,F,yes,yes
P01396,26-35,F,yes,no
P01397,26-35,M,yes,no
P01398,26-35,F,yes,no
P01399,18-25,M,no,yes
P01400,26-35,M,no,no
