scenario_key,name_cn,description,ood
acad_work_stress,学业/职场压力,学业/职场压力 场景中的真实陈述与求助片段,no
intimate_family,亲密关系/家庭,亲密关系/家庭 场景中的真实陈述与求助片段,no
finance_burden,金钱/消费负担,金钱/消费负担 场景中的真实陈述与求助片段,no
health_body,健康与身体焦虑,健康与身体焦虑 场景中的真实陈述与求助片段,no
social_lonely,社交与孤独,社交与孤独 场景中的真实陈述与求助片段,no
failure_setback,失败/挫折,失败/挫折 场景中的真实陈述与求助片段,no
conflict_anger,冲突/愤怒管理,冲突/愤怒管理 场景中的真实陈述与求助片段,no
sadness_loss,悲伤/失落,悲伤/失落 场景中的真实陈述与求助片段,no
anxiety_uncertain,焦虑/不确定,焦虑/不确定 场景中的真实陈述与求助片段,no
achievement_joy,成就/喜悦,成就/喜悦 场景中的真实陈述与求助片段,yes
shame_embarrass,羞耻/尴尬,羞耻/尴尬 场景中的真实陈述与求助片段,yes
calm_mindful,平静/正念,平静/正念 场景中的真实陈述与求助片段,no
