dialog_id,participant_id,scenario_key,num_turns,difficulty
train_dlg_00001,P00071,finance_burden,8,easy
train_dlg_00002,P00431,calm_mindful,5,easy
train_dlg_00003,P00316,acad_work_stress,5,hard
train_dlg_00004,P00282,health_body,5,hard
train_dlg_00005,P00369,anxiety_uncertain,6,easy
train_dlg_00006,P01122,failure_setback,6,easy
train_dlg_00007,P00471,calm_mindful,6,easy
train_dlg_00008,P01106,health_body,5,easy
train_dlg_00009,P00764,conflict_anger,5,easy
train_dlg_00010,P00755,calm_mindful,6,hard
train_dlg_00011,P00670,failure_setback,6,easy
train_dlg_00012,P01178,anxiety_uncertain,8,easy
train_dlg_00013,P00462,acad_work_stress,6,hard
train_dlg_00014,P00147,sadness_loss,6,easy
train_dlg_00015,P00636,calm_mindful,6,hard
train_dlg_00016,P00586,calm_mindful,8,easy
train_dlg_00017,P01191,health_body,8,easy
train_dlg_00018,P00934,conflict_anger,8,easy
train_dlg_00019,P00823,sadness_loss,7,easy
train_dlg_00020,P00914,sadness_loss,7,hard
train_dlg_00021,P00275,anxiety_uncertain,7,easy
train_dlg_00022,P01262,intimate_family,7,easy
train_dlg_00023,P00659,anxiety_uncertain,6,easy
train_dlg_00024,P01086,intimate_family,5,hard
train_dlg_00025,P00220,health_body,7,hard
train_dlg_00026,P01055,conflict_anger,6,hard
train_dlg_00027,P00789,conflict_anger,7,easy
train_dlg_00028,P00911,conflict_anger,7,hard
train_dlg_00029,P01141,anxiety_uncertain,6,easy
train_dlg_00030,P00548,anxiety_uncertain,7,easy
train_dlg_00031,P00448,finance_burden,6,easy
train_dlg_00032,P00058,intimate_family,8,hard
train_dlg_00033,P00101,social_lonely,8,hard
train_dlg_00034,P01365,anxiety_uncertain,7,easy
train_dlg_00035,P00304,failure_setback,5,easy
train_dlg_00036,P01192,acad_work_stress,7,easy
train_dlg_00037,P01313,anxiety_uncertain,8,easy
train_dlg_00038,P00375,intimate_family,6,easy
train_dlg_00039,P00648,failure_setback,7,easy
train_dlg_00040,P00025,social_lonely,8,easy
train_dlg_00041,P00175,finance_burden,7,hard
train_dlg_00042,P00359,failure_setback,7,hard
train_dlg_00043,P00625,acad_work_stress,5,easy
train_dlg_00044,P00654,conflict_anger,7,easy
train_dlg_00045,P00527,calm_mindful,6,easy
train_dlg_00046,P01124,sadness_loss,5,easy
train_dlg_00047,P00568,calm_mindful,5,easy
train_dlg_00048,P00274,calm_mindful,7,hard
train_dlg_00049,P00289,acad_work_stress,6,easy
train_dlg_00050,P00647,calm_mindful,5,easy
train_dlg_00051,P00546,health_body,5,easy
train_dlg_00052,P00755,finance_burden,8,easy
train_dlg_00053,P00748,sadness_loss,8,hard
train_dlg_00054,P00228,intimate_family,8,easy
train_dlg_00055,P00625,finance_burden,6,hard
train_dlg_00056,P00904,calm_mindful,5,hard
train_dlg_00057,P00934,sadness_loss,8,easy
train_dlg_00058,P01157,sadness_loss,7,easy
train_dlg_00059,P01043,calm_mindful,6,hard
train_dlg_00060,P01360,finance_burden,6,easy
train_dlg_00061,P00283,anxiety_uncertain,7,easy
train_dlg_00062,P00647,acad_work_stress,6,easy
train_dlg_00063,P00831,intimate_family,7,easy
train_dlg_00064,P00337,intimate_family,8,easy
train_dlg_00065,P00120,intimate_family,5,easy
train_dlg_00066,P00594,failure_setback,7,easy
train_dlg_00067,P00903,social_lonely,8,easy
train_dlg_00068,P00134,health_body,8,hard
train_dlg_00069,P01232,failure_setback,7,easy
train_dlg_00070,P00744,finance_burden,8,easy
train_dlg_00071,P00403,finance_burden,6,easy
train_dlg_00072,P01023,acad_work_stress,7,easy
train_dlg_00073,P00162,social_lonely,8,easy
train_dlg_00074,P01315,calm_mindful,5,easy
train_dlg_00075,P00683,sadness_loss,8,easy
train_dlg_00076,P00416,health_body,7,hard
train_dlg_00077,P00738,sadness_loss,8,hard
train_dlg_00078,P01346,health_body,6,easy
train_dlg_00079,P00734,acad_work_stress,7,hard
train_dlg_00080,P01032,anxiety_uncertain,7,easy
train_dlg_00081,P00779,acad_work_stress,8,easy
train_dlg_00082,P01132,acad_work_stress,5,easy
train_dlg_00083,P00374,calm_mindful,6,easy
train_dlg_00084,P00982,social_lonely,5,hard
train_dlg_00085,P01356,intimate_family,7,easy
train_dlg_00086,P00724,calm_mindful,8,easy
train_dlg_00087,P00992,intimate_family,7,hard
train_dlg_00088,P00409,social_lonely,7,easy
train_dlg_00089,P00620,sadness_loss,6,easy
train_dlg_00090,P00788,failure_setback,6,easy
train_dlg_00091,P00232,finance_burden,7,easy
train_dlg_00092,P00640,social_lonely,6,easy
train_dlg_00093,P00770,conflict_anger,5,easy
train_dlg_00094,P00130,intimate_family,6,easy
train_dlg_00095,P00780,intimate_family,5,easy
train_dlg_00096,P01040,intimate_family,7,hard
train_dlg_00097,P00259,calm_mindful,7,easy
train_dlg_00098,P00054,finance_burden,7,hard
train_dlg_00099,P01254,health_body,8,easy
train_dlg_00100,P00782,finance_burden,5,hard
train_dlg_00101,P00405,sadness_loss,5,easy
train_dlg_00102,P00359,failure_setback,5,easy
train_dlg_00103,P00845,calm_mindful,5,easy
train_dlg_00104,P00402,social_lonely,7,hard
train_dlg_00105,P00375,failure_setback,6,easy
train_dlg_00106,P01301,conflict_anger,5,hard
train_dlg_00107,P00960,anxiety_uncertain,7,hard
train_dlg_00108,P00618,health_body,5,hard
train_dlg_00109,P00734,intimate_family,5,hard
train_dlg_00110,P00651,sadness_loss,8,easy
train_dlg_00111,P01211,health_body,8,easy
train_dlg_00112,P01287,finance_burden,5,easy
train_dlg_00113,P01102,health_body,8,hard
train_dlg_00114,P00042,acad_work_stress,8,easy
train_dlg_00115,P00575,finance_burden,6,hard
train_dlg_00116,P00405,acad_work_stress,5,easy
train_dlg_00117,P00244,conflict_anger,8,easy
train_dlg_00118,P00648,social_lonely,6,hard
train_dlg_00119,P00294,intimate_family,8,hard
train_dlg_00120,P01023,calm_mindful,6,easy
train_dlg_00121,P01126,health_body,6,hard
train_dlg_00122,P00732,calm_mindful,6,easy
train_dlg_00123,P01090,social_lonely,6,easy
train_dlg_00124,P00489,intimate_family,6,easy
train_dlg_00125,P00752,failure_setback,5,easy
train_dlg_00126,P01193,calm_mindful,6,hard
train_dlg_00127,P01365,calm_mindful,6,hard
train_dlg_00128,P00563,intimate_family,7,easy
train_dlg_00129,P00944,anxiety_uncertain,8,easy
train_dlg_00130,P00845,finance_burden,8,easy
train_dlg_00131,P00604,health_body,5,easy
train_dlg_00132,P01195,conflict_anger,6,easy
train_dlg_00133,P01122,acad_work_stress,7,easy
train_dlg_00134,P01099,failure_setback,7,hard
train_dlg_00135,P00654,anxiety_uncertain,5,hard
train_dlg_00136,P01308,health_body,7,hard
train_dlg_00137,P00846,health_body,5,easy
train_dlg_00138,P00621,acad_work_stress,6,hard
train_dlg_00139,P00778,finance_burden,5,hard
train_dlg_00140,P00437,intimate_family,8,easy
train_dlg_00141,P00349,conflict_anger,8,easy
train_dlg_00142,P00402,conflict_anger,8,easy
train_dlg_00143,P00771,anxiety_uncertain,8,hard
train_dlg_00144,P00519,calm_mindful,5,easy
train_dlg_00145,P00823,anxiety_uncertain,6,easy
train_dlg_00146,P00833,failure_setback,6,easy
train_dlg_00147,P00945,social_lonely,5,easy
train_dlg_00148,P01314,calm_mindful,5,hard
train_dlg_00149,P00190,intimate_family,5,hard
train_dlg_00150,P00428,intimate_family,8,easy
train_dlg_00151,P00562,calm_mindful,6,easy
train_dlg_00152,P00574,sadness_loss,6,hard
train_dlg_00153,P00094,failure_setback,5,easy
train_dlg_00154,P01028,health_body,5,easy
train_dlg_00155,P00793,failure_setback,5,hard
train_dlg_00156,P00860,sadness_loss,6,hard
train_dlg_00157,P00916,anxiety_uncertain,7,easy
train_dlg_00158,P00710,anxiety_uncertain,7,easy
train_dlg_00159,P01142,acad_work_stress,8,easy
train_dlg_00160,P00776,calm_mindful,6,easy
train_dlg_00161,P01366,calm_mindful,8,easy
train_dlg_00162,P00825,calm_mindful,6,easy
train_dlg_00163,P01015,conflict_anger,7,hard
train_dlg_00164,P01208,acad_work_stress,7,hard
train_dlg_00165,P00512,calm_mindful,5,easy
train_dlg_00166,P01295,health_body,7,hard
train_dlg_00167,P01020,calm_mindful,8,easy
train_dlg_00168,P01126,calm_mindful,8,easy
train_dlg_00169,P00771,calm_mindful,7,easy
train_dlg_00170,P00834,failure_setback,8,easy
train_dlg_00171,P00730,sadness_loss,6,easy
train_dlg_00172,P00099,conflict_anger,8,easy
train_dlg_00173,P01124,anxiety_uncertain,5,easy
train_dlg_00174,P00541,sadness_loss,7,hard
train_dlg_00175,P00419,health_body,6,hard
train_dlg_00176,P00491,intimate_family,6,easy
train_dlg_00177,P01250,social_lonely,7,easy
train_dlg_00178,P00636,health_body,7,easy
train_dlg_00179,P00210,social_lonely,6,easy
train_dlg_00180,P00214,acad_work_stress,8,hard
train_dlg_00181,P00265,finance_burden,8,easy
train_dlg_00182,P00524,sadness_loss,7,easy
train_dlg_00183,P00546,sadness_loss,7,easy
train_dlg_00184,P01015,sadness_loss,5,easy
train_dlg_00185,P00778,calm_mindful,5,hard
train_dlg_00186,P00988,finance_burden,5,hard
train_dlg_00187,P01363,anxiety_uncertain,7,hard
train_dlg_00188,P00281,anxiety_uncertain,6,easy
train_dlg_00189,P00259,health_body,8,easy
train_dlg_00190,P00762,intimate_family,7,easy
train_dlg_00191,P00491,anxiety_uncertain,7,easy
train_dlg_00192,P00456,intimate_family,6,easy
train_dlg_00193,P00998,social_lonely,7,easy
train_dlg_00194,P00638,anxiety_uncertain,6,easy
train_dlg_00195,P00855,acad_work_stress,5,easy
train_dlg_00196,P00491,health_body,8,easy
train_dlg_00197,P00614,social_lonely,8,easy
train_dlg_00198,P00473,acad_work_stress,5,easy
train_dlg_00199,P00691,calm_mindful,5,easy
train_dlg_00200,P00328,finance_burden,6,easy
train_dlg_00201,P00932,conflict_anger,8,easy
train_dlg_00202,P01262,failure_setback,7,hard
train_dlg_00203,P00723,conflict_anger,8,hard
train_dlg_00204,P01017,sadness_loss,8,hard
train_dlg_00205,P01329,intimate_family,6,hard
train_dlg_00206,P00416,health_body,8,easy
train_dlg_00207,P00679,anxiety_uncertain,8,hard
train_dlg_00208,P00281,sadness_loss,5,hard
train_dlg_00209,P00122,calm_mindful,8,easy
train_dlg_00210,P01089,intimate_family,5,easy
train_dlg_00211,P00433,conflict_anger,5,easy
train_dlg_00212,P01179,acad_work_stress,5,easy
train_dlg_00213,P01076,acad_work_stress,6,easy
train_dlg_00214,P00785,anxiety_uncertain,8,easy
train_dlg_00215,P00280,conflict_anger,5,hard
train_dlg_00216,P00901,social_lonely,7,hard
train_dlg_00217,P01381,failure_setback,8,hard
train_dlg_00218,P00952,conflict_anger,8,hard
train_dlg_00219,P01227,anxiety_uncertain,6,hard
train_dlg_00220,P01353,intimate_family,6,easy
train_dlg_00221,P00698,conflict_anger,8,easy
train_dlg_00222,P01032,failure_setback,8,hard
train_dlg_00223,P00775,finance_burden,5,hard
train_dlg_00224,P00637,finance_burden,8,hard
train_dlg_00225,P01313,sadness_loss,6,hard
train_dlg_00226,P00949,acad_work_stress,5,hard
train_dlg_00227,P00612,sadness_loss,7,hard
train_dlg_00228,P01148,social_lonely,8,easy
train_dlg_00229,P00474,social_lonely,7,easy
train_dlg_00230,P00182,calm_mindful,6,easy
train_dlg_00231,P01375,failure_setback,7,easy
train_dlg_00232,P00782,calm_mindful,5,hard
train_dlg_00233,P01367,calm_mindful,6,easy
train_dlg_00234,P01304,calm_mindful,7,hard
train_dlg_00235,P01233,social_lonely,8,hard
train_dlg_00236,P00186,calm_mindful,6,hard
train_dlg_00237,P00374,finance_burden,8,easy
train_dlg_00238,P00887,calm_mindful,5,hard
train_dlg_00239,P00460,intimate_family,7,easy
train_dlg_00240,P00355,conflict_anger,7,hard
train_dlg_00241,P01271,failure_setback,5,hard
train_dlg_00242,P01142,intimate_family,8,easy
train_dlg_00243,P00359,anxiety_uncertain,7,hard
train_dlg_00244,P00252,social_lonely,6,hard
train_dlg_00245,P00359,failure_setback,6,hard
train_dlg_00246,P00890,sadness_loss,6,hard
train_dlg_00247,P00808,anxiety_uncertain,7,easy
train_dlg_00248,P00582,finance_burden,7,easy
train_dlg_00249,P00764,finance_burden,8,easy
train_dlg_00250,P00971,calm_mindful,6,easy
train_dlg_00251,P01287,acad_work_stress,5,easy
train_dlg_00252,P01349,finance_burden,7,hard
train_dlg_00253,P00833,anxiety_uncertain,5,hard
train_dlg_00254,P01252,conflict_anger,8,easy
train_dlg_00255,P01037,finance_burden,8,hard
train_dlg_00256,P01266,health_body,6,hard
train_dlg_00257,P00220,acad_work_stress,7,easy
train_dlg_00258,P00183,conflict_anger,6,easy
train_dlg_00259,P01342,conflict_anger,6,easy
train_dlg_00260,P00433,social_lonely,7,hard
train_dlg_00261,P00392,failure_setback,6,easy
train_dlg_00262,P01037,finance_burden,6,hard
train_dlg_00263,P00744,anxiety_uncertain,5,easy
train_dlg_00264,P00698,health_body,5,easy
train_dlg_00265,P00288,health_body,5,easy
train_dlg_00266,P01078,failure_setback,5,easy
train_dlg_00267,P00991,health_body,7,easy
train_dlg_00268,P01250,sadness_loss,8,easy
train_dlg_00269,P00330,sadness_loss,7,easy
train_dlg_00270,P01366,acad_work_stress,8,hard
train_dlg_00271,P01090,conflict_anger,7,easy
train_dlg_00272,P00339,social_lonely,6,hard
train_dlg_00273,P00953,conflict_anger,7,easy
train_dlg_00274,P00143,intimate_family,7,easy
train_dlg_00275,P00620,calm_mindful,7,easy
train_dlg_00276,P00864,social_lonely,6,hard
train_dlg_00277,P00506,sadness_loss,6,easy
train_dlg_00278,P00658,social_lonely,5,easy
train_dlg_00279,P01069,social_lonely,7,hard
train_dlg_00280,P00657,conflict_anger,6,hard
train_dlg_00281,P00333,finance_burden,8,easy
train_dlg_00282,P01381,calm_mindful,6,easy
train_dlg_00283,P00828,conflict_anger,7,easy
train_dlg_00284,P00109,acad_work_stress,5,easy
train_dlg_00285,P01070,acad_work_stress,7,hard
train_dlg_00286,P00090,conflict_anger,7,easy
train_dlg_00287,P00075,calm_mindful,6,hard
train_dlg_00288,P01200,finance_burden,5,easy
train_dlg_00289,P00351,health_body,5,hard
train_dlg_00290,P00093,intimate_family,7,easy
train_dlg_00291,P00420,health_body,8,hard
train_dlg_00292,P00988,failure_setback,6,easy
train_dlg_00293,P00593,calm_mindful,8,easy
train_dlg_00294,P00291,acad_work_stress,8,easy
train_dlg_00295,P00415,health_body,6,easy
train_dlg_00296,P00405,intimate_family,7,easy
train_dlg_00297,P00670,finance_burden,6,easy
train_dlg_00298,P00963,sadness_loss,5,easy
train_dlg_00299,P00052,social_lonely,6,easy
train_dlg_00300,P01073,social_lonely,6,hard
train_dlg_00301,P00622,intimate_family,5,easy
train_dlg_00302,P00219,conflict_anger,6,hard
train_dlg_00303,P00288,acad_work_stress,6,easy
train_dlg_00304,P00554,acad_work_stress,8,easy
train_dlg_00305,P00038,acad_work_stress,6,easy
train_dlg_00306,P01287,sadness_loss,8,hard
train_dlg_00307,P00782,anxiety_uncertain,6,hard
train_dlg_00308,P00294,calm_mindful,5,easy
train_dlg_00309,P01030,failure_setback,7,easy
train_dlg_00310,P00940,acad_work_stress,7,easy
train_dlg_00311,P00390,calm_mindful,8,easy
train_dlg_00312,P00232,sadness_loss,5,easy
train_dlg_00313,P00408,conflict_anger,7,easy
train_dlg_00314,P01126,failure_setback,7,easy
train_dlg_00315,P00734,social_lonely,6,easy
train_dlg_00316,P00113,acad_work_stress,7,hard
train_dlg_00317,P01031,intimate_family,6,easy
train_dlg_00318,P00659,intimate_family,6,hard
train_dlg_00319,P00844,intimate_family,6,hard
train_dlg_00320,P00369,anxiety_uncertain,7,hard
train_dlg_00321,P00493,calm_mindful,6,easy
train_dlg_00322,P00087,social_lonely,6,hard
train_dlg_00323,P01362,conflict_anger,6,hard
train_dlg_00324,P00524,social_lonely,7,easy
train_dlg_00325,P00054,social_lonely,6,hard
train_dlg_00326,P01193,failure_setback,7,hard
train_dlg_00327,P00292,anxiety_uncertain,8,easy
train_dlg_00328,P01229,anxiety_uncertain,5,easy
train_dlg_00329,P00631,social_lonely,8,easy
train_dlg_00330,P00130,social_lonely,7,easy
train_dlg_00331,P00510,anxiety_uncertain,8,easy
train_dlg_00332,P01057,social_lonely,6,easy
train_dlg_00333,P01226,health_body,8,hard
train_dlg_00334,P01285,acad_work_stress,5,easy
train_dlg_00335,P00154,conflict_anger,8,hard
train_dlg_00336,P00412,health_body,6,hard
train_dlg_00337,P00306,calm_mindful,8,hard
train_dlg_00338,P00746,conflict_anger,6,easy
train_dlg_00339,P00333,anxiety_uncertain,6,hard
train_dlg_00340,P00250,intimate_family,7,easy
train_dlg_00341,P01041,conflict_anger,8,easy
train_dlg_00342,P00387,finance_burden,5,easy
train_dlg_00343,P00208,sadness_loss,8,easy
train_dlg_00344,P00141,sadness_loss,5,easy
train_dlg_00345,P00450,finance_burden,6,easy
train_dlg_00346,P00775,anxiety_uncertain,7,hard
train_dlg_00347,P01057,anxiety_uncertain,6,hard
train_dlg_00348,P01182,calm_mindful,7,easy
train_dlg_00349,P00369,failure_setback,7,easy
train_dlg_00350,P00949,failure_setback,7,hard
train_dlg_00351,P00890,finance_burden,5,easy
train_dlg_00352,P01126,health_body,7,easy
train_dlg_00353,P00097,calm_mindful,7,easy
train_dlg_00354,P00097,anxiety_uncertain,7,easy
train_dlg_00355,P01252,acad_work_stress,5,easy
train_dlg_00356,P00988,intimate_family,8,hard
train_dlg_00357,P00620,finance_burden,6,easy
train_dlg_00358,P01195,conflict_anger,8,easy
train_dlg_00359,P01182,sadness_loss,6,hard
train_dlg_00360,P00984,acad_work_stress,8,hard
train_dlg_00361,P01301,acad_work_stress,6,hard
train_dlg_00362,P00796,calm_mindful,8,easy
train_dlg_00363,P00740,acad_work_stress,6,easy
train_dlg_00364,P00522,finance_burden,7,easy
train_dlg_00365,P00274,failure_setback,7,hard
train_dlg_00366,P00944,calm_mindful,5,easy
train_dlg_00367,P00953,health_body,8,easy
train_dlg_00368,P00057,sadness_loss,5,easy
train_dlg_00369,P00075,failure_setback,5,hard
train_dlg_00370,P01350,acad_work_stress,6,easy
train_dlg_00371,P00343,health_body,8,easy
train_dlg_00372,P00451,finance_burden,7,easy
train_dlg_00373,P00620,failure_setback,6,hard
train_dlg_00374,P00546,calm_mindful,7,easy
train_dlg_00375,P01311,anxiety_uncertain,6,easy
train_dlg_00376,P00054,anxiety_uncertain,6,easy
train_dlg_00377,P00801,social_lonely,5,easy
train_dlg_00378,P00957,anxiety_uncertain,6,easy
train_dlg_00379,P00621,acad_work_stress,7,easy
train_dlg_00380,P00623,finance_burden,5,hard
train_dlg_00381,P00106,calm_mindful,6,easy
train_dlg_00382,P00944,failure_setback,7,hard
train_dlg_00383,P00318,acad_work_stress,5,easy
train_dlg_00384,P00484,conflict_anger,7,easy
train_dlg_00385,P01206,calm_mindful,5,easy
train_dlg_00386,P01107,acad_work_stress,8,easy
train_dlg_00387,P00567,finance_burden,8,hard
train_dlg_00388,P00369,calm_mindful,7,hard
train_dlg_00389,P00071,finance_burden,8,easy
train_dlg_00390,P01315,conflict_anger,6,easy
train_dlg_00391,P00084,anxiety_uncertain,6,hard
train_dlg_00392,P01191,intimate_family,7,hard
train_dlg_00393,P00894,conflict_anger,5,easy
train_dlg_00394,P01355,acad_work_stress,7,hard
train_dlg_00395,P00503,conflict_anger,5,easy
train_dlg_00396,P01102,health_body,8,hard
train_dlg_00397,P01070,sadness_loss,8,hard
train_dlg_00398,P00425,anxiety_uncertain,6,hard
train_dlg_00399,P01016,intimate_family,5,easy
train_dlg_00400,P01016,anxiety_uncertain,7,easy
train_dlg_00401,P00419,conflict_anger,5,easy
train_dlg_00402,P00944,sadness_loss,8,easy
train_dlg_00403,P01142,finance_burden,7,easy
train_dlg_00404,P00394,conflict_anger,8,hard
train_dlg_00405,P00646,sadness_loss,5,easy
train_dlg_00406,P00657,social_lonely,7,easy
train_dlg_00407,P01149,acad_work_stress,7,hard
train_dlg_00408,P01315,finance_burden,7,easy
train_dlg_00409,P00685,health_body,5,easy
train_dlg_00410,P00021,anxiety_uncertain,8,easy
train_dlg_00411,P00387,calm_mindful,6,easy
train_dlg_00412,P00090,social_lonely,7,easy
train_dlg_00413,P01075,social_lonely,5,easy
train_dlg_00414,P00916,failure_setback,6,easy
train_dlg_00415,P00725,health_body,7,easy
train_dlg_00416,P01059,finance_burden,6,hard
train_dlg_00417,P01375,anxiety_uncertain,5,hard
train_dlg_00418,P00691,anxiety_uncertain,8,easy
train_dlg_00419,P01356,sadness_loss,7,easy
train_dlg_00420,P01182,health_body,7,easy
train_dlg_00421,P00039,finance_burden,5,easy
train_dlg_00422,P00471,health_body,6,easy
train_dlg_00423,P01076,finance_burden,5,hard
train_dlg_00424,P01082,conflict_anger,5,hard
train_dlg_00425,P01262,calm_mindful,8,easy
train_dlg_00426,P01336,acad_work_stress,8,easy
train_dlg_00427,P00093,intimate_family,6,easy
train_dlg_00428,P00183,health_body,5,easy
train_dlg_00429,P00730,calm_mindful,7,easy
train_dlg_00430,P01355,failure_setback,7,easy
train_dlg_00431,P01284,failure_setback,8,easy
train_dlg_00432,P00309,calm_mindful,7,easy
train_dlg_00433,P00013,anxiety_uncertain,5,easy
train_dlg_00434,P00618,finance_burden,5,easy
train_dlg_00435,P01016,calm_mindful,8,easy
train_dlg_00436,P00214,conflict_anger,6,easy
train_dlg_00437,P00828,intimate_family,5,hard
train_dlg_00438,P00223,calm_mindful,6,hard
train_dlg_00439,P00688,acad_work_stress,8,hard
train_dlg_00440,P01025,finance_burden,8,hard
train_dlg_00441,P00030,sadness_loss,7,hard
train_dlg_00442,P00384,acad_work_stress,6,hard
train_dlg_00443,P00282,anxiety_uncertain,5,easy
train_dlg_00444,P01002,calm_mindful,7,easy
train_dlg_00445,P00220,intimate_family,6,easy
train_dlg_00446,P00437,finance_burden,8,easy
train_dlg_00447,P01311,acad_work_stress,7,easy
train_dlg_00448,P01016,acad_work_stress,8,easy
train_dlg_00449,P00463,anxiety_uncertain,5,easy
train_dlg_00450,P00888,social_lonely,7,hard
train_dlg_00451,P00940,failure_setback,6,easy
train_dlg_00452,P00306,failure_setback,6,easy
train_dlg_00453,P01338,sadness_loss,5,easy
train_dlg_00454,P00052,intimate_family,6,hard
train_dlg_00455,P00510,health_body,8,hard
train_dlg_00456,P00646,anxiety_uncertain,8,easy
train_dlg_00457,P00262,social_lonely,7,easy
train_dlg_00458,P00459,social_lonely,8,easy
train_dlg_00459,P01052,health_body,7,hard
train_dlg_00460,P01398,failure_setback,7,easy
train_dlg_00461,P01216,calm_mindful,7,hard
train_dlg_00462,P00174,calm_mindful,5,easy
train_dlg_00463,P00246,failure_setback,8,easy
train_dlg_00464,P00431,anxiety_uncertain,6,easy
train_dlg_00465,P01367,finance_burden,8,easy
train_dlg_00466,P01313,finance_burden,7,hard
train_dlg_00467,P01232,calm_mindful,8,easy
train_dlg_00468,P01125,intimate_family,5,hard
train_dlg_00469,P00425,calm_mindful,7,hard
train_dlg_00470,P00530,anxiety_uncertain,6,easy
train_dlg_00471,P00096,anxiety_uncertain,8,easy
train_dlg_00472,P00313,conflict_anger,7,easy
train_dlg_00473,P01339,health_body,6,easy
train_dlg_00474,P00134,acad_work_stress,5,easy
train_dlg_00475,P00914,anxiety_uncertain,5,easy
train_dlg_00476,P00468,failure_setback,6,hard
train_dlg_00477,P01180,anxiety_uncertain,7,easy
train_dlg_00478,P00554,social_lonely,8,easy
train_dlg_00479,P00984,finance_burden,6,hard
train_dlg_00480,P01330,sadness_loss,6,easy
train_dlg_00481,P00539,failure_setback,6,easy
train_dlg_00482,P00718,sadness_loss,5,easy
train_dlg_00483,P01365,conflict_anger,8,hard
train_dlg_00484,P00769,intimate_family,5,hard
train_dlg_00485,P00789,social_lonely,5,easy
train_dlg_00486,P00864,social_lonely,6,hard
train_dlg_00487,P00981,health_body,7,easy
train_dlg_00488,P01211,health_body,8,hard
train_dlg_00489,P00730,failure_setback,7,hard
train_dlg_00490,P00369,anxiety_uncertain,7,hard
train_dlg_00491,P00556,social_lonely,5,easy
train_dlg_00492,P00262,conflict_anger,7,easy
train_dlg_00493,P00937,finance_burden,8,easy
train_dlg_00494,P00015,health_body,8,easy
train_dlg_00495,P00841,acad_work_stress,5,hard
train_dlg_00496,P00776,failure_setback,7,easy
train_dlg_00497,P01254,failure_setback,7,easy
train_dlg_00498,P00219,sadness_loss,5,easy
train_dlg_00499,P00270,intimate_family,5,hard
train_dlg_00500,P00698,social_lonely,7,easy
train_dlg_00501,P00433,social_lonely,6,hard
train_dlg_00502,P00491,failure_setback,7,easy
train_dlg_00503,P00252,conflict_anger,6,hard
train_dlg_00504,P00971,acad_work_stress,7,easy
train_dlg_00505,P00134,failure_setback,6,easy
train_dlg_00506,P01338,intimate_family,7,easy
train_dlg_00507,P00415,calm_mindful,7,easy
train_dlg_00508,P00089,health_body,7,hard
train_dlg_00509,P00400,calm_mindful,8,hard
train_dlg_00510,P01375,sadness_loss,6,easy
train_dlg_00511,P00233,calm_mindful,5,easy
train_dlg_00512,P01398,intimate_family,8,easy
train_dlg_00513,P00878,calm_mindful,7,easy
train_dlg_00514,P00972,anxiety_uncertain,6,easy
train_dlg_00515,P00769,conflict_anger,8,easy
train_dlg_00516,P01335,finance_burden,8,easy
train_dlg_00517,P00339,conflict_anger,5,easy
train_dlg_00518,P00371,acad_work_stress,5,easy
train_dlg_00519,P00738,sadness_loss,7,easy
train_dlg_00520,P00437,conflict_anger,8,easy
train_dlg_00521,P00522,calm_mindful,8,easy
train_dlg_00522,P01038,sadness_loss,7,easy
train_dlg_00523,P01122,acad_work_stress,6,easy
train_dlg_00524,P00571,intimate_family,7,hard
train_dlg_00525,P00232,anxiety_uncertain,7,easy
train_dlg_00526,P00858,finance_burden,8,hard
train_dlg_00527,P00448,intimate_family,5,easy
train_dlg_00528,P00911,acad_work_stress,6,hard
train_dlg_00529,P00075,health_body,7,easy
train_dlg_00530,P00789,finance_burden,5,hard
train_dlg_00531,P00915,health_body,8,easy
train_dlg_00532,P01165,health_body,5,easy
train_dlg_00533,P00905,social_lonely,7,hard
train_dlg_00534,P00241,social_lonely,6,hard
train_dlg_00535,P01227,anxiety_uncertain,8,hard
train_dlg_00536,P00288,calm_mindful,5,easy
train_dlg_00537,P01271,failure_setback,8,easy
train_dlg_00538,P00990,intimate_family,6,easy
train_dlg_00539,P01031,finance_burden,5,easy
train_dlg_00540,P00623,health_body,7,easy
train_dlg_00541,P00008,failure_setback,5,hard
train_dlg_00542,P00968,intimate_family,7,easy
train_dlg_00543,P00350,calm_mindful,8,easy
train_dlg_00544,P01254,conflict_anger,5,easy
train_dlg_00545,P00492,calm_mindful,5,easy
train_dlg_00546,P00982,sadness_loss,8,easy
train_dlg_00547,P00272,calm_mindful,6,easy
train_dlg_00548,P00602,acad_work_stress,5,easy
train_dlg_00549,P00036,acad_work_stress,7,easy
train_dlg_00550,P00025,failure_setback,7,hard
train_dlg_00551,P01055,acad_work_stress,8,easy
train_dlg_00552,P00433,finance_burden,6,easy
train_dlg_00553,P00577,sadness_loss,5,hard
train_dlg_00554,P00995,anxiety_uncertain,6,easy
train_dlg_00555,P00233,social_lonely,8,hard
train_dlg_00556,P00468,anxiety_uncertain,8,easy
train_dlg_00557,P01111,conflict_anger,6,easy
train_dlg_00558,P00084,acad_work_stress,7,hard
train_dlg_00559,P00631,calm_mindful,7,hard
train_dlg_00560,P00756,failure_setback,6,easy
train_dlg_00561,P00898,anxiety_uncertain,5,easy
train_dlg_00562,P01054,finance_burden,6,hard
train_dlg_00563,P00462,sadness_loss,6,hard
train_dlg_00564,P00381,failure_setback,6,easy
train_dlg_00565,P00947,acad_work_stress,5,hard
train_dlg_00566,P00578,sadness_loss,5,easy
train_dlg_00567,P00679,calm_mindful,6,hard
train_dlg_00568,P00298,finance_burden,8,easy
train_dlg_00569,P00251,finance_burden,7,easy
train_dlg_00570,P01182,finance_burden,7,easy
train_dlg_00571,P00685,social_lonely,7,easy
train_dlg_00572,P00259,anxiety_uncertain,6,easy
train_dlg_00573,P00170,acad_work_stress,5,hard
train_dlg_00574,P00609,sadness_loss,5,hard
train_dlg_00575,P00982,sadness_loss,8,easy
train_dlg_00576,P00039,calm_mindful,6,easy
train_dlg_00577,P01206,calm_mindful,7,easy
train_dlg_00578,P01038,finance_burden,8,easy
train_dlg_00579,P00984,health_body,6,hard
train_dlg_00580,P00943,finance_burden,8,easy
train_dlg_00581,P01240,health_body,8,easy
train_dlg_00582,P01076,finance_burden,5,easy
train_dlg_00583,P01354,finance_burden,7,easy
train_dlg_00584,P01304,sadness_loss,5,hard
train_dlg_00585,P01350,failure_setback,8,easy
train_dlg_00586,P01193,failure_setback,8,easy
train_dlg_00587,P00772,conflict_anger,6,easy
train_dlg_00588,P00898,failure_setback,5,easy
train_dlg_00589,P01397,conflict_anger,6,hard
train_dlg_00590,P00392,conflict_anger,5,easy
train_dlg_00591,P01232,health_body,8,hard
train_dlg_00592,P01182,intimate_family,6,easy
train_dlg_00593,P01099,finance_burden,8,easy
train_dlg_00594,P00153,conflict_anger,7,easy
train_dlg_00595,P00625,intimate_family,7,easy
train_dlg_00596,P00828,sadness_loss,6,easy
train_dlg_00597,P00024,social_lonely,7,hard
train_dlg_00598,P01354,health_body,6,easy
train_dlg_00599,P00306,calm_mindful,6,hard
train_dlg_00600,P00377,intimate_family,8,hard
train_dlg_00601,P00626,failure_setback,7,easy
train_dlg_00602,P00604,conflict_anger,6,hard
train_dlg_00603,P00901,intimate_family,5,easy
train_dlg_00604,P00823,conflict_anger,7,hard
train_dlg_00605,P00609,acad_work_stress,8,hard
train_dlg_00606,P00949,sadness_loss,5,easy
train_dlg_00607,P00898,failure_setback,6,hard
train_dlg_00608,P01195,finance_burden,8,easy
train_dlg_00609,P01213,anxiety_uncertain,7,easy
train_dlg_00610,P00021,intimate_family,5,hard
train_dlg_00611,P00920,acad_work_stress,6,easy
train_dlg_00612,P00787,anxiety_uncertain,6,easy
train_dlg_00613,P00142,finance_burden,7,easy
train_dlg_00614,P00455,sadness_loss,8,easy
train_dlg_00615,P00233,conflict_anger,5,easy
train_dlg_00616,P00530,calm_mindful,5,easy
train_dlg_00617,P00679,conflict_anger,5,hard
train_dlg_00618,P00655,acad_work_stress,6,hard
train_dlg_00619,P00217,anxiety_uncertain,5,hard
train_dlg_00620,P01260,calm_mindful,6,hard
train_dlg_00621,P00219,health_body,8,hard
train_dlg_00622,P00437,calm_mindful,6,hard
train_dlg_00623,P00161,anxiety_uncertain,6,hard
train_dlg_00624,P00856,conflict_anger,5,hard
train_dlg_00625,P00636,calm_mindful,5,easy
train_dlg_00626,P00236,social_lonely,7,easy
train_dlg_00627,P00768,sadness_loss,8,easy
train_dlg_00628,P00982,acad_work_stress,5,easy
train_dlg_00629,P01009,health_body,7,hard
train_dlg_00630,P01089,anxiety_uncertain,5,easy
train_dlg_00631,P00037,finance_burden,6,easy
train_dlg_00632,P01386,acad_work_stress,8,easy
train_dlg_00633,P00294,social_lonely,8,hard
train_dlg_00634,P00648,acad_work_stress,7,hard
train_dlg_00635,P00153,calm_mindful,7,easy
train_dlg_00636,P00837,social_lonely,8,easy
train_dlg_00637,P00372,sadness_loss,7,easy
train_dlg_00638,P01182,social_lonely,8,easy
train_dlg_00639,P01266,failure_setback,7,easy
train_dlg_00640,P00485,social_lonely,6,easy
train_dlg_00641,P00168,conflict_anger,8,easy
train_dlg_00642,P00318,finance_burden,8,easy
train_dlg_00643,P00577,sadness_loss,5,easy
train_dlg_00644,P00125,finance_burden,6,easy
train_dlg_00645,P00084,sadness_loss,5,easy
train_dlg_00646,P00245,sadness_loss,8,hard
train_dlg_00647,P00462,intimate_family,5,easy
train_dlg_00648,P00099,conflict_anger,5,easy
train_dlg_00649,P00578,social_lonely,8,easy
train_dlg_00650,P01038,failure_setback,6,easy
train_dlg_00651,P01090,sadness_loss,5,easy
train_dlg_00652,P01387,calm_mindful,7,hard
train_dlg_00653,P00022,intimate_family,5,easy
train_dlg_00654,P01257,sadness_loss,6,easy
train_dlg_00655,P01305,calm_mindful,7,easy
train_dlg_00656,P00777,conflict_anger,6,hard
train_dlg_00657,P00823,intimate_family,7,hard
train_dlg_00658,P01257,finance_burden,7,easy
train_dlg_00659,P01057,calm_mindful,8,easy
train_dlg_00660,P00426,failure_setback,8,hard
train_dlg_00661,P01309,failure_setback,5,easy
train_dlg_00662,P01124,failure_setback,7,easy
train_dlg_00663,P01242,health_body,5,hard
train_dlg_00664,P00996,sadness_loss,8,easy
train_dlg_00665,P00685,intimate_family,7,easy
train_dlg_00666,P01273,calm_mindful,5,easy
train_dlg_00667,P00122,intimate_family,7,easy
train_dlg_00668,P01354,calm_mindful,8,hard
train_dlg_00669,P00812,acad_work_stress,6,hard
train_dlg_00670,P00988,failure_setback,8,easy
train_dlg_00671,P00460,finance_burden,7,hard
train_dlg_00672,P00307,calm_mindful,7,easy
train_dlg_00673,P01254,acad_work_stress,8,easy
train_dlg_00674,P00950,finance_burden,8,easy
train_dlg_00675,P00345,acad_work_stress,5,easy
train_dlg_00676,P00147,health_body,8,easy
train_dlg_00677,P00005,finance_burden,6,easy
train_dlg_00678,P00023,anxiety_uncertain,8,easy
train_dlg_00679,P00234,finance_burden,5,easy
train_dlg_00680,P00497,conflict_anger,5,hard
train_dlg_00681,P00545,intimate_family,7,easy
train_dlg_00682,P00271,calm_mindful,8,easy
train_dlg_00683,P00356,calm_mindful,8,easy
train_dlg_00684,P00271,calm_mindful,7,easy
train_dlg_00685,P00860,calm_mindful,7,easy
train_dlg_00686,P00497,acad_work_stress,6,easy
train_dlg_00687,P00002,calm_mindful,8,easy
train_dlg_00688,P01260,failure_setback,8,hard
train_dlg_00689,P00477,calm_mindful,6,hard
train_dlg_00690,P00873,anxiety_uncertain,8,easy
train_dlg_00691,P00846,calm_mindful,6,hard
train_dlg_00692,P00140,calm_mindful,6,easy
train_dlg_00693,P01319,calm_mindful,6,hard
train_dlg_00694,P00219,acad_work_stress,7,hard
train_dlg_00695,P01192,sadness_loss,7,easy
train_dlg_00696,P00131,intimate_family,5,hard
train_dlg_00697,P00685,calm_mindful,5,easy
train_dlg_00698,P00650,anxiety_uncertain,8,hard
train_dlg_00699,P00992,acad_work_stress,8,easy
train_dlg_00700,P00782,calm_mindful,6,easy
train_dlg_00701,P00168,acad_work_stress,8,hard
train_dlg_00702,P00857,health_body,7,easy
train_dlg_00703,P00393,social_lonely,8,easy
train_dlg_00704,P00245,conflict_anger,6,hard
train_dlg_00705,P01397,social_lonely,5,easy
train_dlg_00706,P01366,social_lonely,6,hard
train_dlg_00707,P00402,anxiety_uncertain,6,hard
train_dlg_00708,P00846,sadness_loss,6,easy
train_dlg_00709,P00998,failure_setback,7,easy
train_dlg_00710,P01338,failure_setback,7,easy
train_dlg_00711,P00152,intimate_family,7,easy
train_dlg_00712,P00549,conflict_anger,8,easy
train_dlg_00713,P01260,social_lonely,7,easy
train_dlg_00714,P01196,calm_mindful,6,easy
train_dlg_00715,P00854,intimate_family,7,easy
train_dlg_00716,P00374,acad_work_stress,7,hard
train_dlg_00717,P00527,finance_burden,7,easy
train_dlg_00718,P01231,anxiety_uncertain,5,hard
train_dlg_00719,P00096,health_body,5,easy
train_dlg_00720,P00394,intimate_family,6,easy
train_dlg_00721,P00593,anxiety_uncertain,6,hard
train_dlg_00722,P00797,anxiety_uncertain,8,easy
train_dlg_00723,P00991,calm_mindful,7,easy
train_dlg_00724,P00433,calm_mindful,6,easy
train_dlg_00725,P00105,social_lonely,7,easy
train_dlg_00726,P01099,finance_burden,7,easy
train_dlg_00727,P00609,failure_setback,7,easy
train_dlg_00728,P00923,calm_mindful,5,easy
train_dlg_00729,P00567,finance_burden,7,easy
train_dlg_00730,P01309,intimate_family,8,easy
train_dlg_00731,P01090,social_lonely,7,hard
train_dlg_00732,P00602,failure_setback,5,hard
train_dlg_00733,P00001,calm_mindful,8,easy
train_dlg_00734,P01178,failure_setback,8,hard
train_dlg_00735,P00888,conflict_anger,7,easy
train_dlg_00736,P00143,sadness_loss,7,easy
train_dlg_00737,P00574,conflict_anger,6,hard
train_dlg_00738,P00278,intimate_family,8,easy
train_dlg_00739,P01268,finance_burden,7,hard
train_dlg_00740,P00967,finance_burden,7,easy
train_dlg_00741,P00214,calm_mindful,6,easy
train_dlg_00742,P00940,intimate_family,7,easy
train_dlg_00743,P00353,sadness_loss,7,hard
train_dlg_00744,P01072,finance_burden,6,easy
train_dlg_00745,P00288,conflict_anger,7,hard
train_dlg_00746,P00936,finance_burden,7,easy
train_dlg_00747,P00817,intimate_family,7,easy
train_dlg_00748,P01075,acad_work_stress,6,easy
train_dlg_00749,P00578,calm_mindful,7,easy
train_dlg_00750,P01058,social_lonely,8,easy
train_dlg_00751,P01194,social_lonely,6,easy
train_dlg_00752,P00776,finance_burden,6,hard
train_dlg_00753,P01192,acad_work_stress,6,easy
train_dlg_00754,P00305,acad_work_stress,7,easy
train_dlg_00755,P00372,sadness_loss,6,easy
train_dlg_00756,P00665,sadness_loss,6,easy
train_dlg_00757,P00716,anxiety_uncertain,5,easy
train_dlg_00758,P00755,sadness_loss,8,hard
train_dlg_00759,P00801,failure_setback,6,easy
train_dlg_00760,P01261,sadness_loss,6,easy
train_dlg_00761,P00910,conflict_anger,6,easy
train_dlg_00762,P01396,anxiety_uncertain,7,hard
train_dlg_00763,P01077,failure_setback,6,easy
train_dlg_00764,P01178,intimate_family,8,easy
train_dlg_00765,P00883,calm_mindful,5,easy
train_dlg_00766,P01264,finance_burden,8,hard
train_dlg_00767,P00657,health_body,6,hard
train_dlg_00768,P01250,conflict_anger,7,easy
train_dlg_00769,P00685,finance_burden,6,easy
train_dlg_00770,P00969,conflict_anger,7,easy
train_dlg_00771,P00636,social_lonely,7,hard
train_dlg_00772,P01328,anxiety_uncertain,7,easy
train_dlg_00773,P00801,health_body,7,easy
train_dlg_00774,P00042,social_lonely,5,easy
train_dlg_00775,P01333,calm_mindful,7,easy
train_dlg_00776,P00318,finance_burden,7,easy
train_dlg_00777,P00257,health_body,6,easy
train_dlg_00778,P00073,finance_burden,5,easy
train_dlg_00779,P01311,conflict_anger,6,easy
train_dlg_00780,P00233,conflict_anger,7,easy
train_dlg_00781,P01170,conflict_anger,6,hard
train_dlg_00782,P01157,anxiety_uncertain,7,easy
train_dlg_00783,P00846,finance_burden,8,hard
train_dlg_00784,P00127,intimate_family,5,hard
train_dlg_00785,P00153,social_lonely,8,easy
train_dlg_00786,P00608,health_body,7,easy
train_dlg_00787,P00640,finance_burden,8,hard
train_dlg_00788,P00656,acad_work_stress,7,easy
train_dlg_00789,P00567,sadness_loss,7,hard
train_dlg_00790,P01037,sadness_loss,5,hard
train_dlg_00791,P01264,calm_mindful,7,hard
train_dlg_00792,P01237,acad_work_stress,5,hard
train_dlg_00793,P00952,acad_work_stress,8,hard
train_dlg_00794,P00431,sadness_loss,6,easy
train_dlg_00795,P00748,intimate_family,8,hard
train_dlg_00796,P00189,anxiety_uncertain,7,easy
train_dlg_00797,P00388,social_lonely,6,easy
train_dlg_00798,P01233,conflict_anger,5,easy
train_dlg_00799,P00858,conflict_anger,5,easy
train_dlg_00800,P00724,sadness_loss,6,hard
train_dlg_00801,P00304,intimate_family,5,easy
train_dlg_00802,P00519,intimate_family,6,easy
train_dlg_00803,P00288,acad_work_stress,7,hard
train_dlg_00804,P01106,health_body,7,hard
train_dlg_00805,P01264,social_lonely,5,easy
train_dlg_00806,P00381,social_lonely,5,easy
train_dlg_00807,P00174,conflict_anger,8,easy
train_dlg_00808,P01387,conflict_anger,5,easy
train_dlg_00809,P00170,acad_work_stress,8,hard
train_dlg_00810,P00953,health_body,6,easy
train_dlg_00811,P00756,conflict_anger,5,easy
train_dlg_00812,P00563,failure_setback,6,easy
train_dlg_00813,P01165,acad_work_stress,5,easy
train_dlg_00814,P00437,acad_work_stress,6,hard
train_dlg_00815,P01237,anxiety_uncertain,5,easy
train_dlg_00816,P01056,health_body,8,easy
train_dlg_00817,P00318,health_body,5,easy
train_dlg_00818,P00341,sadness_loss,5,easy
train_dlg_00819,P01323,finance_burden,8,easy
train_dlg_00820,P01309,conflict_anger,5,easy
train_dlg_00821,P00129,failure_setback,6,easy
train_dlg_00822,P00402,sadness_loss,7,hard
train_dlg_00823,P01306,conflict_anger,5,hard
train_dlg_00824,P01044,failure_setback,5,easy
train_dlg_00825,P00140,intimate_family,7,hard
train_dlg_00826,P00131,failure_setback,6,easy
train_dlg_00827,P01268,conflict_anger,7,easy
train_dlg_00828,P00510,acad_work_stress,8,hard
train_dlg_00829,P01254,intimate_family,8,easy
train_dlg_00830,P00225,conflict_anger,6,easy
train_dlg_00831,P00936,anxiety_uncertain,7,easy
train_dlg_00832,P01346,calm_mindful,8,easy
train_dlg_00833,P00219,conflict_anger,6,easy
train_dlg_00834,P01273,conflict_anger,6,hard
train_dlg_00835,P00429,intimate_family,5,hard
train_dlg_00836,P00651,conflict_anger,6,easy
train_dlg_00837,P00762,anxiety_uncertain,6,hard
train_dlg_00838,P00903,failure_setback,6,easy
train_dlg_00839,P01057,intimate_family,7,easy
train_dlg_00840,P00304,anxiety_uncertain,7,hard
train_dlg_00841,P00106,anxiety_uncertain,8,easy
train_dlg_00842,P00596,finance_burden,5,hard
train_dlg_00843,P00802,intimate_family,6,hard
train_dlg_00844,P01180,conflict_anger,6,easy
train_dlg_00845,P00094,calm_mindful,5,easy
train_dlg_00846,P00367,sadness_loss,5,easy
train_dlg_00847,P00920,sadness_loss,6,easy
train_dlg_00848,P01009,finance_burden,6,easy
train_dlg_00849,P01110,intimate_family,6,easy
train_dlg_00850,P00013,conflict_anger,8,hard
train_dlg_00851,P00666,intimate_family,8,easy
train_dlg_00852,P00522,calm_mindful,5,easy
train_dlg_00853,P00992,social_lonely,5,easy
train_dlg_00854,P01025,calm_mindful,6,hard
train_dlg_00855,P01377,finance_burden,5,easy
train_dlg_00856,P00292,sadness_loss,7,easy
train_dlg_00857,P00971,social_lonely,7,easy
train_dlg_00858,P00765,calm_mindful,5,easy
train_dlg_00859,P00390,finance_burden,5,easy
train_dlg_00860,P01200,acad_work_stress,5,easy
train_dlg_00861,P01170,acad_work_stress,5,hard
train_dlg_00862,P01315,health_body,6,easy
train_dlg_00863,P01105,calm_mindful,5,hard
train_dlg_00864,P01366,anxiety_uncertain,8,hard
train_dlg_00865,P00318,calm_mindful,8,hard
train_dlg_00866,P00945,health_body,7,easy
train_dlg_00867,P01099,conflict_anger,7,easy
train_dlg_00868,P00582,acad_work_stress,5,hard
train_dlg_00869,P01313,health_body,6,easy
train_dlg_00870,P00997,failure_setback,5,easy
train_dlg_00871,P00393,calm_mindful,7,easy
train_dlg_00872,P00417,finance_burden,6,easy
train_dlg_00873,P00802,failure_setback,6,easy
train_dlg_00874,P00821,social_lonely,5,easy
train_dlg_00875,P00678,sadness_loss,6,hard
train_dlg_00876,P00275,sadness_loss,5,easy
train_dlg_00877,P01229,conflict_anger,5,easy
train_dlg_00878,P00359,intimate_family,5,hard
train_dlg_00879,P01396,health_body,6,easy
train_dlg_00880,P00793,health_body,6,easy
train_dlg_00881,P01041,anxiety_uncertain,6,easy
train_dlg_00882,P00772,conflict_anger,8,hard
train_dlg_00883,P00995,calm_mindful,7,hard
train_dlg_00884,P01037,anxiety_uncertain,5,easy
train_dlg_00885,P00554,failure_setback,7,hard
train_dlg_00886,P00801,sadness_loss,8,hard
train_dlg_00887,P00159,failure_setback,6,hard
train_dlg_00888,P00463,anxiety_uncertain,7,easy
train_dlg_00889,P00988,intimate_family,5,hard
train_dlg_00890,P00864,finance_burden,7,easy
train_dlg_00891,P01226,sadness_loss,5,easy
train_dlg_00892,P00321,calm_mindful,6,hard
train_dlg_00893,P00065,failure_setback,8,hard
train_dlg_00894,P00194,conflict_anger,8,easy
train_dlg_00895,P00878,conflict_anger,7,easy
train_dlg_00896,P00417,anxiety_uncertain,8,easy
train_dlg_00897,P00594,failure_setback,8,easy
train_dlg_00898,P00604,finance_burden,5,easy
train_dlg_00899,P01186,social_lonely,5,hard
train_dlg_00900,P00425,social_lonely,8,hard
train_dlg_00901,P00736,finance_burden,6,hard
train_dlg_00902,P00041,conflict_anger,7,hard
train_dlg_00903,P00967,failure_setback,8,easy
train_dlg_00904,P00331,social_lonely,6,easy
train_dlg_00905,P00937,health_body,7,easy
train_dlg_00906,P01304,health_body,7,easy
train_dlg_00907,P01264,social_lonely,7,easy
train_dlg_00908,P01027,finance_burden,5,hard
train_dlg_00909,P00650,sadness_loss,8,easy
train_dlg_00910,P00065,social_lonely,8,easy
train_dlg_00911,P00971,anxiety_uncertain,5,hard
train_dlg_00912,P00940,anxiety_uncertain,7,hard
train_dlg_00913,P01381,calm_mindful,7,hard
train_dlg_00914,P00142,failure_setback,8,easy
train_dlg_00915,P00837,social_lonely,6,easy
train_dlg_00916,P00944,finance_burden,7,hard
train_dlg_00917,P00296,conflict_anger,8,easy
train_dlg_00918,P01323,conflict_anger,6,easy
train_dlg_00919,P00522,acad_work_stress,7,hard
train_dlg_00920,P00972,calm_mindful,6,easy
train_dlg_00921,P01216,sadness_loss,7,easy
train_dlg_00922,P01072,health_body,8,easy
train_dlg_00923,P00152,sadness_loss,5,easy
train_dlg_00924,P01031,calm_mindful,6,easy
train_dlg_00925,P00524,intimate_family,8,easy
train_dlg_00926,P00614,finance_burden,7,easy
train_dlg_00927,P00022,intimate_family,8,easy
train_dlg_00928,P01043,health_body,8,easy
train_dlg_00929,P00486,acad_work_stress,7,easy
train_dlg_00930,P00586,social_lonely,5,easy
train_dlg_00931,P00450,sadness_loss,8,easy
train_dlg_00932,P00162,acad_work_stress,5,easy
train_dlg_00933,P01386,health_body,6,hard
train_dlg_00934,P00463,social_lonely,7,hard
train_dlg_00935,P00174,finance_burden,5,easy
train_dlg_00936,P00180,conflict_anger,7,hard
train_dlg_00937,P00294,sadness_loss,5,easy
train_dlg_00938,P01294,failure_setback,6,hard
train_dlg_00939,P00846,finance_burden,5,hard
train_dlg_00940,P00477,conflict_anger,6,easy
train_dlg_00941,P00471,conflict_anger,8,hard
train_dlg_00942,P00703,anxiety_uncertain,8,hard
train_dlg_00943,P00722,calm_mindful,7,easy
train_dlg_00944,P01180,sadness_loss,5,easy
train_dlg_00945,P00180,sadness_loss,7,easy
train_dlg_00946,P00656,failure_setback,8,easy
train_dlg_00947,P01118,health_body,5,easy
train_dlg_00948,P01309,intimate_family,7,easy
train_dlg_00949,P00578,health_body,7,easy
train_dlg_00950,P00140,finance_burden,6,hard
train_dlg_00951,P00087,failure_setback,6,hard
train_dlg_00952,P00101,sadness_loss,7,easy
train_dlg_00953,P00182,conflict_anger,8,easy
train_dlg_00954,P01329,calm_mindful,7,hard
train_dlg_00955,P01125,anxiety_uncertain,5,easy
train_dlg_00956,P01189,failure_setback,5,hard
train_dlg_00957,P01235,intimate_family,6,easy
train_dlg_00958,P00390,acad_work_stress,7,hard
train_dlg_00959,P00392,finance_burden,8,easy
train_dlg_00960,P00058,sadness_loss,8,hard
train_dlg_00961,P01078,intimate_family,7,hard
train_dlg_00962,P00593,health_body,7,easy
train_dlg_00963,P00325,finance_burden,5,hard
train_dlg_00964,P00389,health_body,6,easy
train_dlg_00965,P00486,health_body,7,hard
train_dlg_00966,P00416,social_lonely,5,easy
train_dlg_00967,P00514,calm_mindful,7,easy
train_dlg_00968,P00384,conflict_anger,6,easy
train_dlg_00969,P00596,conflict_anger,6,easy
train_dlg_00970,P00431,intimate_family,5,easy
train_dlg_00971,P00405,anxiety_uncertain,5,hard
train_dlg_00972,P01102,health_body,5,hard
train_dlg_00973,P00501,conflict_anger,5,easy
train_dlg_00974,P00860,health_body,7,easy
train_dlg_00975,P00643,acad_work_stress,6,easy
train_dlg_00976,P00645,anxiety_uncertain,8,hard
train_dlg_00977,P01043,anxiety_uncertain,8,easy
train_dlg_00978,P00797,finance_burden,6,hard
train_dlg_00979,P00127,social_lonely,6,hard
train_dlg_00980,P00678,health_body,5,easy
train_dlg_00981,P01017,calm_mindful,6,easy
train_dlg_00982,P00724,acad_work_stress,7,hard
train_dlg_00983,P00228,conflict_anger,7,easy
train_dlg_00984,P00923,anxiety_uncertain,6,easy
train_dlg_00985,P00138,failure_setback,7,easy
train_dlg_00986,P01207,sadness_loss,7,easy
train_dlg_00987,P01323,finance_burden,7,easy
train_dlg_00988,P00093,finance_burden,8,easy
train_dlg_00989,P00288,failure_setback,5,hard
train_dlg_00990,P00636,acad_work_stress,7,easy
train_dlg_00991,P00051,conflict_anger,6,hard
train_dlg_00992,P00039,anxiety_uncertain,7,hard
train_dlg_00993,P00151,failure_setback,5,easy
train_dlg_00994,P00995,social_lonely,5,easy
train_dlg_00995,P00150,social_lonely,8,easy
train_dlg_00996,P00324,anxiety_uncertain,8,hard
train_dlg_00997,P01350,conflict_anger,6,easy
train_dlg_00998,P01110,calm_mindful,5,hard
train_dlg_00999,P00405,conflict_anger,7,easy
train_dlg_01000,P00666,intimate_family,8,easy
train_dlg_01001,P00554,finance_burden,8,hard
train_dlg_01002,P00232,anxiety_uncertain,8,easy
train_dlg_01003,P00984,sadness_loss,5,hard
train_dlg_01004,P00217,conflict_anger,6,easy
train_dlg_01005,P00428,failure_setback,5,easy
train_dlg_01006,P00210,finance_burden,6,hard
train_dlg_01007,P00755,health_body,8,hard
train_dlg_01008,P01345,health_body,8,hard
train_dlg_01009,P00150,intimate_family,7,easy
train_dlg_01010,P00997,social_lonely,6,easy
train_dlg_01011,P00787,anxiety_uncertain,5,easy
train_dlg_01012,P01304,acad_work_stress,7,easy
train_dlg_01013,P00220,failure_setback,5,easy
train_dlg_01014,P00175,health_body,6,easy
train_dlg_01015,P00019,finance_burden,7,easy
train_dlg_01016,P00653,anxiety_uncertain,8,easy
train_dlg_01017,P01292,anxiety_uncertain,7,easy
train_dlg_01018,P01057,anxiety_uncertain,5,easy
train_dlg_01019,P00229,calm_mindful,5,easy
train_dlg_01020,P00856,finance_burden,5,easy
train_dlg_01021,P00636,social_lonely,8,easy
train_dlg_01022,P00054,anxiety_uncertain,8,hard
train_dlg_01023,P00764,finance_burden,8,hard
train_dlg_01024,P00134,anxiety_uncertain,5,easy
train_dlg_01025,P01054,sadness_loss,8,hard
train_dlg_01026,P00154,acad_work_stress,6,easy
train_dlg_01027,P00250,finance_burden,8,easy
train_dlg_01028,P00905,acad_work_stress,6,easy
train_dlg_01029,P00898,acad_work_stress,5,easy
train_dlg_01030,P00236,acad_work_stress,5,easy
train_dlg_01031,P00657,conflict_anger,6,easy
train_dlg_01032,P00039,failure_setback,5,easy
train_dlg_01033,P01054,anxiety_uncertain,5,hard
train_dlg_01034,P00097,acad_work_stress,5,easy
train_dlg_01035,P01363,finance_burden,8,easy
train_dlg_01036,P01142,anxiety_uncertain,5,hard
train_dlg_01037,P00873,acad_work_stress,7,easy
train_dlg_01038,P00333,health_body,6,easy
train_dlg_01039,P00850,failure_setback,6,easy
train_dlg_01040,P01029,calm_mindful,8,easy
train_dlg_01041,P00657,conflict_anger,7,easy
train_dlg_01042,P00914,finance_burden,7,hard
train_dlg_01043,P00640,sadness_loss,6,easy
train_dlg_01044,P00272,conflict_anger,7,hard
train_dlg_01045,P01346,finance_burden,6,easy
train_dlg_01046,P00097,failure_setback,5,easy
train_dlg_01047,P00752,social_lonely,8,easy
train_dlg_01048,P00612,sadness_loss,6,easy
train_dlg_01049,P01364,anxiety_uncertain,7,easy
train_dlg_01050,P00431,conflict_anger,8,easy
train_dlg_01051,P01141,finance_burden,6,hard
train_dlg_01052,P00797,intimate_family,5,hard
train_dlg_01053,P00626,finance_burden,5,easy
train_dlg_01054,P00389,finance_burden,5,easy
train_dlg_01055,P00387,health_body,6,easy
train_dlg_01056,P00233,anxiety_uncertain,7,easy
train_dlg_01057,P00936,sadness_loss,5,easy
train_dlg_01058,P00225,failure_setback,7,easy
train_dlg_01059,P00738,failure_setback,7,hard
train_dlg_01060,P00674,conflict_anger,6,easy
train_dlg_01061,P00298,acad_work_stress,6,easy
train_dlg_01062,P00549,anxiety_uncertain,7,hard
train_dlg_01063,P00967,social_lonely,5,hard
train_dlg_01064,P00345,calm_mindful,8,easy
train_dlg_01065,P01273,anxiety_uncertain,8,easy
train_dlg_01066,P00539,health_body,7,easy
train_dlg_01067,P00369,failure_setback,8,easy
train_dlg_01068,P00997,intimate_family,6,hard
train_dlg_01069,P00459,failure_setback,8,hard
train_dlg_01070,P01118,health_body,8,easy
train_dlg_01071,P00746,acad_work_stress,6,hard
train_dlg_01072,P01350,finance_burden,5,hard
train_dlg_01073,P00873,intimate_family,5,hard
train_dlg_01074,P00638,sadness_loss,7,easy
train_dlg_01075,P01361,health_body,8,hard
train_dlg_01076,P00620,conflict_anger,7,easy
train_dlg_01077,P00665,failure_setback,8,easy
train_dlg_01078,P00844,failure_setback,6,hard
train_dlg_01079,P00890,conflict_anger,5,easy
train_dlg_01080,P00438,social_lonely,8,easy
train_dlg_01081,P01089,intimate_family,5,easy
train_dlg_01082,P00357,health_body,7,easy
train_dlg_01083,P00181,health_body,5,easy
train_dlg_01084,P00992,health_body,5,easy
train_dlg_01085,P01156,sadness_loss,5,easy
train_dlg_01086,P00491,acad_work_stress,6,easy
train_dlg_01087,P00885,failure_setback,8,easy
train_dlg_01088,P00275,sadness_loss,6,easy
train_dlg_01089,P00898,conflict_anger,7,easy
train_dlg_01090,P00569,conflict_anger,7,easy
train_dlg_01091,P01182,finance_burden,5,hard
train_dlg_01092,P00793,failure_setback,6,easy
train_dlg_01093,P00409,health_body,8,easy
train_dlg_01094,P00887,anxiety_uncertain,7,easy
train_dlg_01095,P01173,finance_burden,8,hard
train_dlg_01096,P00654,anxiety_uncertain,6,easy
train_dlg_01097,P00313,calm_mindful,8,easy
train_dlg_01098,P01011,sadness_loss,5,easy
train_dlg_01099,P00428,social_lonely,5,easy
train_dlg_01100,P01055,conflict_anger,8,easy
train_dlg_01101,P01264,social_lonely,8,easy
train_dlg_01102,P00484,acad_work_stress,6,hard
train_dlg_01103,P00555,social_lonely,8,easy
train_dlg_01104,P00569,acad_work_stress,5,easy
train_dlg_01105,P00245,calm_mindful,5,easy
train_dlg_01106,P00306,sadness_loss,5,easy
train_dlg_01107,P00468,intimate_family,5,hard
train_dlg_01108,P00096,health_body,5,hard
train_dlg_01109,P00138,intimate_family,8,hard
train_dlg_01110,P01100,social_lonely,7,hard
train_dlg_01111,P00087,finance_burden,5,easy
train_dlg_01112,P01294,conflict_anger,7,hard
train_dlg_01113,P00914,intimate_family,6,easy
train_dlg_01114,P01295,health_body,5,easy
train_dlg_01115,P00340,intimate_family,7,easy
train_dlg_01116,P00668,sadness_loss,7,easy
train_dlg_01117,P00051,conflict_anger,6,hard
train_dlg_01118,P00122,social_lonely,8,easy
train_dlg_01119,P00350,intimate_family,7,hard
train_dlg_01120,P00666,social_lonely,5,easy
train_dlg_01121,P00703,sadness_loss,8,hard
train_dlg_01122,P00785,social_lonely,5,easy
train_dlg_01123,P01201,conflict_anger,5,easy
train_dlg_01124,P01325,calm_mindful,8,easy
train_dlg_01125,P00377,calm_mindful,7,hard
train_dlg_01126,P00324,acad_work_stress,6,hard
train_dlg_01127,P00236,conflict_anger,7,hard
train_dlg_01128,P00715,calm_mindful,5,easy
train_dlg_01129,P00318,conflict_anger,8,easy
train_dlg_01130,P00005,calm_mindful,6,hard
train_dlg_01131,P01138,failure_setback,6,easy
train_dlg_01132,P00606,anxiety_uncertain,6,easy
train_dlg_01133,P01207,failure_setback,8,easy
train_dlg_01134,P00599,acad_work_stress,7,easy
train_dlg_01135,P01238,failure_setback,6,easy
train_dlg_01136,P01118,anxiety_uncertain,7,easy
train_dlg_01137,P00274,conflict_anger,8,easy
train_dlg_01138,P00491,health_body,8,hard
train_dlg_01139,P01152,failure_setback,8,hard
train_dlg_01140,P00788,calm_mindful,8,easy
train_dlg_01141,P00116,calm_mindful,5,easy
train_dlg_01142,P01364,acad_work_stress,6,easy
train_dlg_01143,P00262,health_body,7,easy
train_dlg_01144,P00670,failure_setback,5,easy
train_dlg_01145,P01179,failure_setback,6,easy
train_dlg_01146,P00265,calm_mindful,7,easy
train_dlg_01147,P01009,anxiety_uncertain,8,easy
train_dlg_01148,P00415,failure_setback,7,easy
train_dlg_01149,P01002,acad_work_stress,7,hard
train_dlg_01150,P01375,anxiety_uncertain,5,easy
train_dlg_01151,P01260,health_body,5,easy
train_dlg_01152,P01242,finance_burden,6,easy
train_dlg_01153,P00172,failure_setback,6,easy
train_dlg_01154,P00344,social_lonely,8,hard
train_dlg_01155,P00039,intimate_family,6,easy
train_dlg_01156,P00023,conflict_anger,6,easy
train_dlg_01157,P00833,sadness_loss,7,easy
train_dlg_01158,P01355,anxiety_uncertain,8,easy
train_dlg_01159,P00746,acad_work_stress,8,hard
train_dlg_01160,P00730,conflict_anger,6,hard
train_dlg_01161,P00732,health_body,5,hard
train_dlg_01162,P01110,anxiety_uncertain,5,hard
train_dlg_01163,P00326,conflict_anger,6,easy
train_dlg_01164,P01235,acad_work_stress,8,easy
train_dlg_01165,P00493,health_body,8,easy
train_dlg_01166,P01109,sadness_loss,6,hard
train_dlg_01167,P01111,failure_setback,8,easy
train_dlg_01168,P00555,calm_mindful,5,hard
train_dlg_01169,P00228,calm_mindful,6,easy
train_dlg_01170,P01179,sadness_loss,7,hard
train_dlg_01171,P00371,conflict_anger,5,easy
train_dlg_01172,P01313,intimate_family,7,hard
train_dlg_01173,P00596,health_body,6,hard
train_dlg_01174,P00955,finance_burden,7,hard
train_dlg_01175,P00834,anxiety_uncertain,7,easy
train_dlg_01176,P01030,health_body,8,easy
train_dlg_01177,P00341,anxiety_uncertain,6,hard
train_dlg_01178,P00762,acad_work_stress,6,easy
train_dlg_01179,P00586,acad_work_stress,5,hard
train_dlg_01180,P01037,anxiety_uncertain,5,easy
train_dlg_01181,P01339,acad_work_stress,5,hard
train_dlg_01182,P00307,finance_burden,5,easy
train_dlg_01183,P00961,health_body,7,hard
train_dlg_01184,P00729,anxiety_uncertain,5,easy
train_dlg_01185,P00208,finance_burden,7,easy
train_dlg_01186,P00138,sadness_loss,5,easy
train_dlg_01187,P00847,calm_mindful,7,hard
train_dlg_01188,P01118,anxiety_uncertain,5,hard
train_dlg_01189,P00305,health_body,6,hard
train_dlg_01190,P00972,intimate_family,5,hard
train_dlg_01191,P00755,calm_mindful,6,easy
train_dlg_01192,P00827,social_lonely,5,hard
train_dlg_01193,P00740,social_lonely,5,easy
train_dlg_01194,P00960,finance_burden,8,easy
train_dlg_01195,P00259,sadness_loss,5,hard
train_dlg_01196,P00486,failure_setback,6,easy
train_dlg_01197,P00306,intimate_family,6,easy
train_dlg_01198,P00153,conflict_anger,8,hard
train_dlg_01199,P00575,anxiety_uncertain,5,hard
train_dlg_01200,P00637,conflict_anger,6,easy
train_dlg_01201,P00190,acad_work_stress,8,hard
train_dlg_01202,P00858,health_body,5,easy
train_dlg_01203,P00387,health_body,7,hard
train_dlg_01204,P01386,anxiety_uncertain,5,easy
train_dlg_01205,P00651,sadness_loss,8,hard
train_dlg_01206,P00122,failure_setback,7,easy
train_dlg_01207,P00289,calm_mindful,5,hard
train_dlg_01208,P01325,health_body,5,hard
train_dlg_01209,P00789,intimate_family,8,hard
train_dlg_01210,P01080,conflict_anger,5,hard
train_dlg_01211,P00405,acad_work_stress,6,easy
train_dlg_01212,P01226,conflict_anger,6,easy
train_dlg_01213,P00420,sadness_loss,5,easy
train_dlg_01214,P00137,social_lonely,6,easy
train_dlg_01215,P00844,finance_burden,6,hard
train_dlg_01216,P01180,conflict_anger,6,easy
train_dlg_01217,P00284,intimate_family,8,hard
train_dlg_01218,P00142,anxiety_uncertain,7,hard
train_dlg_01219,P00530,calm_mindful,7,easy
train_dlg_01220,P00477,failure_setback,7,easy
train_dlg_01221,P01232,intimate_family,5,easy
train_dlg_01222,P01189,health_body,7,easy
train_dlg_01223,P01023,health_body,6,easy
train_dlg_01224,P01226,finance_burden,6,hard
train_dlg_01225,P00228,intimate_family,8,hard
train_dlg_01226,P00219,finance_burden,6,hard
train_dlg_01227,P00670,health_body,6,easy
train_dlg_01228,P00631,finance_burden,8,easy
train_dlg_01229,P00937,failure_setback,6,easy
train_dlg_01230,P01235,acad_work_stress,5,easy
train_dlg_01231,P00298,sadness_loss,6,easy
train_dlg_01232,P01067,calm_mindful,6,hard
train_dlg_01233,P00574,social_lonely,5,hard
train_dlg_01234,P01020,conflict_anger,8,hard
train_dlg_01235,P00387,intimate_family,5,hard
train_dlg_01236,P00432,social_lonely,7,easy
train_dlg_01237,P00645,conflict_anger,6,hard
train_dlg_01238,P00005,finance_burden,6,easy
train_dlg_01239,P00426,anxiety_uncertain,7,easy
train_dlg_01240,P00489,acad_work_stress,7,easy
train_dlg_01241,P00345,intimate_family,6,easy
train_dlg_01242,P00298,finance_burden,6,easy
train_dlg_01243,P00325,acad_work_stress,7,easy
train_dlg_01244,P01077,failure_setback,6,easy
train_dlg_01245,P00093,calm_mindful,5,easy
train_dlg_01246,P00519,conflict_anger,8,hard
train_dlg_01247,P01093,intimate_family,8,hard
train_dlg_01248,P01262,health_body,6,easy
train_dlg_01249,P00345,anxiety_uncertain,7,easy
train_dlg_01250,P00463,failure_setback,5,easy
train_dlg_01251,P01387,acad_work_stress,5,easy
train_dlg_01252,P00527,anxiety_uncertain,8,hard
train_dlg_01253,P00262,conflict_anger,7,hard
train_dlg_01254,P00071,conflict_anger,5,hard
train_dlg_01255,P00599,anxiety_uncertain,5,hard
train_dlg_01256,P00969,intimate_family,8,hard
train_dlg_01257,P00001,finance_burden,8,hard
train_dlg_01258,P00936,social_lonely,5,easy
train_dlg_01259,P00836,social_lonely,5,easy
train_dlg_01260,P00817,health_body,8,hard
train_dlg_01261,P00900,sadness_loss,6,easy
train_dlg_01262,P00265,anxiety_uncertain,6,easy
train_dlg_01263,P00746,calm_mindful,8,easy
train_dlg_01264,P00155,conflict_anger,7,hard
train_dlg_01265,P01015,failure_setback,6,easy
train_dlg_01266,P01345,failure_setback,8,easy
train_dlg_01267,P00305,failure_setback,7,easy
train_dlg_01268,P00371,conflict_anger,7,easy
train_dlg_01269,P00172,acad_work_stress,8,easy
train_dlg_01270,P00304,sadness_loss,5,easy
train_dlg_01271,P00099,calm_mindful,8,easy
train_dlg_01272,P00834,calm_mindful,5,easy
train_dlg_01273,P00344,social_lonely,5,easy
train_dlg_01274,P00450,finance_burden,8,easy
train_dlg_01275,P01041,failure_setback,8,easy
train_dlg_01276,P00141,finance_burden,7,easy
train_dlg_01277,P00117,finance_burden,8,easy
train_dlg_01278,P00022,conflict_anger,8,easy
train_dlg_01279,P00636,calm_mindful,7,hard
train_dlg_01280,P00224,health_body,7,hard
train_dlg_01281,P00883,health_body,5,hard
train_dlg_01282,P00545,anxiety_uncertain,6,easy
train_dlg_01283,P00943,health_body,5,easy
train_dlg_01284,P00023,conflict_anger,6,hard
train_dlg_01285,P01043,health_body,8,easy
train_dlg_01286,P00522,conflict_anger,5,easy
train_dlg_01287,P01271,sadness_loss,7,hard
train_dlg_01288,P00637,calm_mindful,7,easy
train_dlg_01289,P00168,failure_setback,6,easy
train_dlg_01290,P00140,failure_setback,6,easy
train_dlg_01291,P00384,sadness_loss,7,easy
train_dlg_01292,P01338,failure_setback,5,hard
train_dlg_01293,P00257,failure_setback,8,easy
train_dlg_01294,P00355,failure_setback,6,easy
train_dlg_01295,P00015,finance_burden,7,easy
train_dlg_01296,P00459,acad_work_stress,8,hard
train_dlg_01297,P00873,calm_mindful,8,hard
train_dlg_01298,P01133,acad_work_stress,8,hard
train_dlg_01299,P00945,intimate_family,7,easy
train_dlg_01300,P00034,conflict_anger,5,easy
train_dlg_01301,P00937,health_body,6,easy
train_dlg_01302,P00736,acad_work_stress,8,easy
train_dlg_01303,P00586,finance_burden,7,easy
train_dlg_01304,P00699,acad_work_stress,7,easy
train_dlg_01305,P00950,failure_setback,7,hard
train_dlg_01306,P00666,acad_work_stress,6,easy
train_dlg_01307,P00459,intimate_family,5,hard
train_dlg_01308,P00519,finance_burden,7,easy
train_dlg_01309,P00224,calm_mindful,7,easy
train_dlg_01310,P00295,anxiety_uncertain,7,easy
train_dlg_01311,P01398,acad_work_stress,6,easy
train_dlg_01312,P00568,health_body,5,easy
train_dlg_01313,P00364,calm_mindful,7,easy
train_dlg_01314,P00814,calm_mindful,8,hard
train_dlg_01315,P01397,acad_work_stress,7,hard
train_dlg_01316,P01070,conflict_anger,7,hard
train_dlg_01317,P00251,calm_mindful,6,easy
train_dlg_01318,P00942,sadness_loss,5,easy
train_dlg_01319,P00903,health_body,5,hard
train_dlg_01320,P01231,intimate_family,8,hard
train_dlg_01321,P01262,conflict_anger,5,easy
train_dlg_01322,P00129,sadness_loss,7,easy
train_dlg_01323,P00904,failure_setback,8,easy
train_dlg_01324,P00844,health_body,5,easy
train_dlg_01325,P00357,social_lonely,6,easy
train_dlg_01326,P00138,calm_mindful,7,easy
train_dlg_01327,P01381,finance_burden,5,easy
train_dlg_01328,P00484,intimate_family,7,easy
train_dlg_01329,P01106,sadness_loss,7,hard
train_dlg_01330,P01336,health_body,7,easy
train_dlg_01331,P00961,social_lonely,6,easy
train_dlg_01332,P00030,finance_burden,7,hard
train_dlg_01333,P00501,intimate_family,6,easy
train_dlg_01334,P00351,calm_mindful,7,hard
train_dlg_01335,P00688,health_body,7,easy
train_dlg_01336,P01056,conflict_anger,8,easy
train_dlg_01337,P00025,calm_mindful,5,easy
train_dlg_01338,P00125,sadness_loss,6,hard
train_dlg_01339,P00416,sadness_loss,7,easy
train_dlg_01340,P00797,intimate_family,7,easy
train_dlg_01341,P00699,finance_burden,6,easy
train_dlg_01342,P00326,intimate_family,8,hard
train_dlg_01343,P00904,sadness_loss,8,easy
train_dlg_01344,P00777,intimate_family,5,easy
train_dlg_01345,P01133,sadness_loss,5,easy
train_dlg_01346,P00233,health_body,5,hard
train_dlg_01347,P00997,health_body,5,hard
train_dlg_01348,P00910,sadness_loss,7,easy
train_dlg_01349,P00676,finance_burden,6,easy
train_dlg_01350,P00626,social_lonely,5,easy
train_dlg_01351,P00450,finance_burden,8,easy
train_dlg_01352,P00484,social_lonely,8,easy
train_dlg_01353,P00055,failure_setback,8,easy
train_dlg_01354,P00699,intimate_family,5,easy
train_dlg_01355,P00631,social_lonely,6,easy
train_dlg_01356,P01345,social_lonely,8,hard
train_dlg_01357,P00575,acad_work_stress,5,easy
train_dlg_01358,P00996,calm_mindful,7,easy
train_dlg_01359,P00151,sadness_loss,7,hard
train_dlg_01360,P00102,conflict_anger,7,easy
train_dlg_01361,P00377,finance_burden,6,easy
train_dlg_01362,P00392,conflict_anger,7,hard
train_dlg_01363,P00403,acad_work_stress,5,easy
train_dlg_01364,P00916,intimate_family,7,hard
train_dlg_01365,P01233,failure_setback,8,easy
train_dlg_01366,P00147,social_lonely,5,easy
train_dlg_01367,P01242,health_body,6,hard
train_dlg_01368,P00408,intimate_family,5,easy
train_dlg_01369,P00251,intimate_family,8,easy
train_dlg_01370,P00065,health_body,8,hard
train_dlg_01371,P01366,calm_mindful,5,hard
train_dlg_01372,P01398,finance_burden,8,easy
train_dlg_01373,P00386,failure_setback,5,easy
train_dlg_01374,P00583,calm_mindful,5,easy
train_dlg_01375,P01333,finance_burden,6,easy
train_dlg_01376,P00433,conflict_anger,7,easy
train_dlg_01377,P00271,social_lonely,8,hard
train_dlg_01378,P00281,failure_setback,5,easy
train_dlg_01379,P00002,failure_setback,7,easy
train_dlg_01380,P00304,finance_burden,5,easy
train_dlg_01381,P00418,sadness_loss,6,easy
train_dlg_01382,P00625,acad_work_stress,5,easy
train_dlg_01383,P00915,anxiety_uncertain,6,hard
train_dlg_01384,P00180,sadness_loss,5,easy
train_dlg_01385,P00153,social_lonely,5,hard
train_dlg_01386,P00429,social_lonely,8,easy
train_dlg_01387,P00054,anxiety_uncertain,6,easy
train_dlg_01388,P01349,failure_setback,8,easy
train_dlg_01389,P00943,failure_setback,8,easy
train_dlg_01390,P00574,acad_work_stress,6,easy
train_dlg_01391,P00981,finance_burden,7,easy
train_dlg_01392,P00024,conflict_anger,7,easy
train_dlg_01393,P00387,intimate_family,8,easy
train_dlg_01394,P00780,health_body,8,easy
train_dlg_01395,P01284,social_lonely,7,hard
train_dlg_01396,P01310,intimate_family,5,hard
train_dlg_01397,P01354,calm_mindful,5,easy
train_dlg_01398,P00776,conflict_anger,6,hard
train_dlg_01399,P00785,failure_setback,6,hard
train_dlg_01400,P00582,finance_burden,7,easy
train_dlg_01401,P00093,intimate_family,7,hard
train_dlg_01402,P00331,conflict_anger,7,hard
train_dlg_01403,P00159,anxiety_uncertain,8,easy
train_dlg_01404,P00355,finance_burden,8,easy
train_dlg_01405,P01266,anxiety_uncertain,6,hard
train_dlg_01406,P00568,intimate_family,8,easy
train_dlg_01407,P00546,anxiety_uncertain,7,hard
train_dlg_01408,P00989,intimate_family,8,easy
train_dlg_01409,P00845,health_body,8,easy
train_dlg_01410,P00159,social_lonely,6,easy
train_dlg_01411,P00337,acad_work_stress,6,easy
train_dlg_01412,P00679,sadness_loss,6,easy
train_dlg_01413,P00072,acad_work_stress,7,easy
train_dlg_01414,P00485,health_body,7,hard
train_dlg_01415,P00420,social_lonely,6,easy
train_dlg_01416,P00916,calm_mindful,6,easy
train_dlg_01417,P01310,calm_mindful,5,easy
train_dlg_01418,P00920,failure_setback,6,easy
train_dlg_01419,P00403,social_lonely,5,easy
train_dlg_01420,P01295,anxiety_uncertain,5,hard
train_dlg_01421,P00618,sadness_loss,6,easy
train_dlg_01422,P00744,failure_setback,8,easy
train_dlg_01423,P00699,calm_mindful,8,hard
train_dlg_01424,P00785,sadness_loss,7,easy
train_dlg_01425,P00431,sadness_loss,7,easy
train_dlg_01426,P00073,anxiety_uncertain,5,hard
train_dlg_01427,P01059,intimate_family,5,hard
train_dlg_01428,P00282,calm_mindful,7,easy
train_dlg_01429,P01356,conflict_anger,6,easy
train_dlg_01430,P01082,health_body,6,hard
train_dlg_01431,P00584,social_lonely,6,easy
train_dlg_01432,P00441,failure_setback,7,easy
train_dlg_01433,P01144,finance_burden,5,easy
train_dlg_01434,P00699,conflict_anger,5,hard
train_dlg_01435,P00460,failure_setback,5,easy
train_dlg_01436,P01397,social_lonely,5,easy
train_dlg_01437,P00462,failure_setback,6,easy
train_dlg_01438,P01100,acad_work_stress,8,hard
train_dlg_01439,P00746,social_lonely,6,easy
train_dlg_01440,P01252,acad_work_stress,6,easy
train_dlg_01441,P01360,health_body,6,easy
train_dlg_01442,P00740,sadness_loss,6,easy
train_dlg_01443,P00712,finance_burden,8,easy
train_dlg_01444,P00428,finance_burden,5,easy
train_dlg_01445,P01287,calm_mindful,8,hard
train_dlg_01446,P00704,calm_mindful,7,easy
train_dlg_01447,P01301,acad_work_stress,6,easy
train_dlg_01448,P00246,anxiety_uncertain,7,hard
train_dlg_01449,P00854,intimate_family,5,hard
train_dlg_01450,P01325,sadness_loss,7,easy
train_dlg_01451,P00043,failure_setback,7,easy
train_dlg_01452,P00298,health_body,6,easy
train_dlg_01453,P00770,sadness_loss,8,easy
train_dlg_01454,P00715,health_body,6,easy
train_dlg_01455,P00512,failure_setback,7,hard
train_dlg_01456,P01264,anxiety_uncertain,8,hard
train_dlg_01457,P00041,social_lonely,7,easy
train_dlg_01458,P00459,social_lonely,7,easy
train_dlg_01459,P00574,acad_work_stress,6,easy
train_dlg_01460,P01235,failure_setback,5,hard
train_dlg_01461,P00620,intimate_family,5,hard
train_dlg_01462,P00155,finance_burden,8,easy
train_dlg_01463,P00101,finance_burden,6,easy
train_dlg_01464,P01261,intimate_family,8,easy
train_dlg_01465,P01354,calm_mindful,6,hard
train_dlg_01466,P00793,failure_setback,7,easy
train_dlg_01467,P00420,social_lonely,5,easy
train_dlg_01468,P00337,anxiety_uncertain,7,hard
train_dlg_01469,P01362,sadness_loss,7,easy
train_dlg_01470,P00738,acad_work_stress,6,easy
train_dlg_01471,P00474,health_body,6,easy
train_dlg_01472,P00946,conflict_anger,5,easy
train_dlg_01473,P01364,conflict_anger,7,easy
train_dlg_01474,P00812,finance_burden,8,hard
train_dlg_01475,P01043,conflict_anger,6,hard
train_dlg_01476,P01398,health_body,5,easy
train_dlg_01477,P00023,social_lonely,6,easy
train_dlg_01478,P00082,anxiety_uncertain,7,easy
train_dlg_01479,P00241,anxiety_uncertain,5,easy
train_dlg_01480,P00344,calm_mindful,5,hard
train_dlg_01481,P00037,health_body,8,easy
train_dlg_01482,P00106,finance_burden,8,easy
train_dlg_01483,P01080,conflict_anger,6,easy
train_dlg_01484,P01362,finance_burden,8,easy
train_dlg_01485,P00291,sadness_loss,5,easy
train_dlg_01486,P01254,failure_setback,6,hard
train_dlg_01487,P01089,acad_work_stress,5,easy
train_dlg_01488,P01367,health_body,6,easy
train_dlg_01489,P00198,health_body,6,hard
train_dlg_01490,P01333,acad_work_stress,5,easy
train_dlg_01491,P01127,anxiety_uncertain,5,easy
train_dlg_01492,P00038,failure_setback,5,easy
train_dlg_01493,P00526,conflict_anger,8,hard
train_dlg_01494,P01226,anxiety_uncertain,6,easy
train_dlg_01495,P00127,health_body,7,hard
train_dlg_01496,P00622,social_lonely,8,hard
train_dlg_01497,P01025,sadness_loss,5,hard
train_dlg_01498,P01069,finance_burden,5,hard
train_dlg_01499,P00851,health_body,7,hard
train_dlg_01500,P00405,sadness_loss,5,hard
