dialog_id,participant_id,scenario_key,num_turns,difficulty
challenge_dlg_00001,P00267,shame_embarrass,5,easy
challenge_dlg_00002,P01276,achievement_joy,7,easy
challenge_dlg_00003,P01326,shame_embarrass,8,hard
challenge_dlg_00004,P00267,shame_embarrass,7,easy
challenge_dlg_00005,P00083,shame_embarrass,5,easy
challenge_dlg_00006,P00557,achievement_joy,7,hard
challenge_dlg_00007,P01259,achievement_joy,7,easy
challenge_dlg_00008,P01224,achievement_joy,5,easy
challenge_dlg_00009,P00863,achievement_joy,5,easy
challenge_dlg_00010,P00363,shame_embarrass,6,easy
challenge_dlg_00011,P00839,achievement_joy,6,easy
challenge_dlg_00012,P00835,achievement_joy,6,easy
challenge_dlg_00013,P00478,shame_embarrass,5,easy
challenge_dlg_00014,P00733,achievement_joy,5,hard
challenge_dlg_00015,P00601,achievement_joy,6,hard
challenge_dlg_00016,P01276,shame_embarrass,8,easy
challenge_dlg_00017,P00264,achievement_joy,5,hard
challenge_dlg_00018,P00201,achievement_joy,7,easy
challenge_dlg_00019,P01008,shame_embarrass,5,hard
challenge_dlg_00020,P00508,shame_embarrass,5,easy
challenge_dlg_00021,P00267,shame_embarrass,5,easy
challenge_dlg_00022,P00060,shame_embarrass,7,easy
challenge_dlg_00023,P00881,shame_embarrass,8,easy
challenge_dlg_00024,P00863,achievement_joy,6,hard
challenge_dlg_00025,P01116,achievement_joy,5,hard
challenge_dlg_00026,P01297,shame_embarrass,7,hard
challenge_dlg_00027,P01209,shame_embarrass,6,easy
challenge_dlg_00028,P00517,shame_embarrass,5,easy
challenge_dlg_00029,P01265,shame_embarrass,7,hard
challenge_dlg_00030,P01185,achievement_joy,7,hard
challenge_dlg_00031,P01223,achievement_joy,6,hard
challenge_dlg_00032,P00579,shame_embarrass,6,easy
challenge_dlg_00033,P00119,shame_embarrass,8,hard
challenge_dlg_00034,P00156,achievement_joy,5,hard
challenge_dlg_00035,P00741,shame_embarrass,7,easy
challenge_dlg_00036,P01221,achievement_joy,5,hard
challenge_dlg_00037,P01326,shame_embarrass,8,hard
challenge_dlg_00038,P01371,achievement_joy,5,hard
challenge_dlg_00039,P00135,shame_embarrass,5,easy
challenge_dlg_00040,P00201,achievement_joy,7,hard
challenge_dlg_00041,P00635,shame_embarrass,8,easy
challenge_dlg_00042,P00413,shame_embarrass,8,hard
challenge_dlg_00043,P01214,shame_embarrass,6,hard
challenge_dlg_00044,P00201,shame_embarrass,8,easy
challenge_dlg_00045,P00875,shame_embarrass,5,easy
challenge_dlg_00046,P01327,achievement_joy,5,hard
challenge_dlg_00047,P01326,achievement_joy,7,easy
challenge_dlg_00048,P01166,shame_embarrass,6,easy
challenge_dlg_00049,P00635,shame_embarrass,8,easy
challenge_dlg_00050,P00269,shame_embarrass,5,easy
challenge_dlg_00051,P00422,achievement_joy,6,easy
challenge_dlg_00052,P00083,shame_embarrass,8,easy
challenge_dlg_00053,P00590,achievement_joy,5,hard
challenge_dlg_00054,P00976,shame_embarrass,6,hard
challenge_dlg_00055,P00435,achievement_joy,8,hard
challenge_dlg_00056,P00300,shame_embarrass,7,easy
challenge_dlg_00057,P00513,achievement_joy,7,easy
challenge_dlg_00058,P01392,achievement_joy,6,hard
challenge_dlg_00059,P00202,achievement_joy,7,easy
challenge_dlg_00060,P01302,achievement_joy,5,hard
challenge_dlg_00061,P00177,shame_embarrass,6,hard
challenge_dlg_00062,P00085,shame_embarrass,6,easy
challenge_dlg_00063,P00201,achievement_joy,5,easy
challenge_dlg_00064,P00103,shame_embarrass,5,easy
challenge_dlg_00065,P00191,achievement_joy,8,easy
challenge_dlg_00066,P01234,achievement_joy,5,easy
challenge_dlg_00067,P01270,shame_embarrass,5,easy
challenge_dlg_00068,P00589,shame_embarrass,5,hard
challenge_dlg_00069,P00103,shame_embarrass,5,easy
challenge_dlg_00070,P01214,achievement_joy,5,easy
challenge_dlg_00071,P01276,shame_embarrass,5,hard
challenge_dlg_00072,P00929,achievement_joy,6,hard
challenge_dlg_00073,P01394,achievement_joy,8,hard
challenge_dlg_00074,P00187,shame_embarrass,5,easy
challenge_dlg_00075,P00060,shame_embarrass,5,easy
challenge_dlg_00076,P00838,achievement_joy,7,hard
challenge_dlg_00077,P00085,achievement_joy,8,easy
challenge_dlg_00078,P00201,achievement_joy,5,hard
challenge_dlg_00079,P00199,achievement_joy,8,hard
challenge_dlg_00080,P00188,achievement_joy,8,hard
challenge_dlg_00081,P01108,achievement_joy,8,hard
challenge_dlg_00082,P00067,shame_embarrass,6,hard
challenge_dlg_00083,P00528,shame_embarrass,7,easy
challenge_dlg_00084,P00589,shame_embarrass,8,easy
challenge_dlg_00085,P01370,shame_embarrass,7,hard
challenge_dlg_00086,P00135,shame_embarrass,8,hard
challenge_dlg_00087,P01019,achievement_joy,5,hard
challenge_dlg_00088,P00067,achievement_joy,6,easy
challenge_dlg_00089,P00422,achievement_joy,5,hard
challenge_dlg_00090,P00641,achievement_joy,5,hard
challenge_dlg_00091,P00188,achievement_joy,6,easy
challenge_dlg_00092,P00135,achievement_joy,6,easy
challenge_dlg_00093,P00267,shame_embarrass,6,easy
challenge_dlg_00094,P01223,shame_embarrass,6,easy
challenge_dlg_00095,P01371,shame_embarrass,6,easy
challenge_dlg_00096,P00589,shame_embarrass,8,hard
challenge_dlg_00097,P00865,achievement_joy,6,easy
challenge_dlg_00098,P00875,achievement_joy,6,easy
challenge_dlg_00099,P00413,shame_embarrass,6,hard
challenge_dlg_00100,P01161,achievement_joy,6,easy
challenge_dlg_00101,P00641,shame_embarrass,7,easy
challenge_dlg_00102,P01005,shame_embarrass,7,hard
challenge_dlg_00103,P00881,shame_embarrass,6,hard
challenge_dlg_00104,P01005,achievement_joy,8,hard
challenge_dlg_00105,P00881,shame_embarrass,7,hard
challenge_dlg_00106,P00513,shame_embarrass,8,easy
challenge_dlg_00107,P00741,achievement_joy,5,easy
challenge_dlg_00108,P01270,shame_embarrass,8,hard
challenge_dlg_00109,P01224,achievement_joy,7,easy
challenge_dlg_00110,P00895,achievement_joy,5,hard
challenge_dlg_00111,P00040,achievement_joy,6,easy
challenge_dlg_00112,P01136,achievement_joy,6,hard
challenge_dlg_00113,P00832,achievement_joy,6,easy
challenge_dlg_00114,P00843,achievement_joy,8,easy
challenge_dlg_00115,P00167,shame_embarrass,6,hard
challenge_dlg_00116,P01083,achievement_joy,8,easy
challenge_dlg_00117,P00187,achievement_joy,5,easy
challenge_dlg_00118,P00528,shame_embarrass,6,easy
challenge_dlg_00119,P01154,shame_embarrass,6,hard
challenge_dlg_00120,P00222,shame_embarrass,8,hard
challenge_dlg_00121,P00763,shame_embarrass,8,hard
challenge_dlg_00122,P01224,shame_embarrass,8,easy
challenge_dlg_00123,P00590,achievement_joy,8,hard
challenge_dlg_00124,P01327,achievement_joy,8,easy
challenge_dlg_00125,P01392,achievement_joy,6,hard
challenge_dlg_00126,P00727,achievement_joy,8,hard
challenge_dlg_00127,P00956,achievement_joy,7,easy
challenge_dlg_00128,P00933,achievement_joy,8,easy
challenge_dlg_00129,P00264,shame_embarrass,7,hard
challenge_dlg_00130,P00896,shame_embarrass,8,easy
challenge_dlg_00131,P00452,shame_embarrass,5,hard
challenge_dlg_00132,P01221,shame_embarrass,8,easy
challenge_dlg_00133,P00700,achievement_joy,5,easy
challenge_dlg_00134,P00610,shame_embarrass,5,easy
challenge_dlg_00135,P01116,shame_embarrass,5,easy
challenge_dlg_00136,P00273,achievement_joy,6,easy
challenge_dlg_00137,P01190,shame_embarrass,8,easy
challenge_dlg_00138,P00322,shame_embarrass,6,easy
challenge_dlg_00139,P00660,achievement_joy,5,easy
challenge_dlg_00140,P00118,shame_embarrass,5,hard
challenge_dlg_00141,P01370,achievement_joy,8,easy
challenge_dlg_00142,P01019,achievement_joy,5,easy
challenge_dlg_00143,P01224,shame_embarrass,8,easy
challenge_dlg_00144,P00557,shame_embarrass,7,hard
challenge_dlg_00145,P00135,achievement_joy,8,easy
challenge_dlg_00146,P00517,shame_embarrass,7,hard
challenge_dlg_00147,P00495,achievement_joy,8,easy
challenge_dlg_00148,P00156,achievement_joy,8,hard
challenge_dlg_00149,P00202,achievement_joy,7,hard
challenge_dlg_00150,P00201,shame_embarrass,6,easy
challenge_dlg_00151,P00751,shame_embarrass,6,easy
challenge_dlg_00152,P01214,shame_embarrass,7,easy
challenge_dlg_00153,P00517,shame_embarrass,5,easy
challenge_dlg_00154,P01214,achievement_joy,8,easy
challenge_dlg_00155,P01259,shame_embarrass,8,easy
challenge_dlg_00156,P00478,shame_embarrass,5,hard
challenge_dlg_00157,P01234,shame_embarrass,6,easy
challenge_dlg_00158,P00098,achievement_joy,8,easy
challenge_dlg_00159,P00528,achievement_joy,5,easy
challenge_dlg_00160,P01005,achievement_joy,5,easy
challenge_dlg_00161,P00516,achievement_joy,6,easy
challenge_dlg_00162,P00319,achievement_joy,6,hard
challenge_dlg_00163,P01288,shame_embarrass,6,hard
challenge_dlg_00164,P00895,achievement_joy,6,hard
challenge_dlg_00165,P01327,achievement_joy,7,easy
challenge_dlg_00166,P00843,achievement_joy,5,easy
challenge_dlg_00167,P00513,achievement_joy,7,easy
challenge_dlg_00168,P00893,achievement_joy,8,easy
challenge_dlg_00169,P01083,shame_embarrass,6,easy
challenge_dlg_00170,P00200,achievement_joy,8,easy
challenge_dlg_00171,P00201,shame_embarrass,5,easy
challenge_dlg_00172,P01209,achievement_joy,5,hard
challenge_dlg_00173,P01224,achievement_joy,8,easy
challenge_dlg_00174,P00579,shame_embarrass,6,easy
challenge_dlg_00175,P00869,achievement_joy,5,easy
challenge_dlg_00176,P00103,shame_embarrass,8,easy
challenge_dlg_00177,P00083,achievement_joy,8,hard
challenge_dlg_00178,P00060,achievement_joy,8,easy
challenge_dlg_00179,P01370,achievement_joy,5,easy
challenge_dlg_00180,P00935,shame_embarrass,7,easy
challenge_dlg_00181,P01370,shame_embarrass,7,easy
challenge_dlg_00182,P00221,achievement_joy,6,easy
challenge_dlg_00183,P01209,shame_embarrass,8,easy
challenge_dlg_00184,P00865,achievement_joy,6,easy
challenge_dlg_00185,P01316,achievement_joy,6,easy
challenge_dlg_00186,P01203,achievement_joy,5,hard
challenge_dlg_00187,P01236,achievement_joy,7,easy
challenge_dlg_00188,P00192,shame_embarrass,8,easy
challenge_dlg_00189,P00192,achievement_joy,6,easy
challenge_dlg_00190,P00881,shame_embarrass,6,hard
challenge_dlg_00191,P00958,shame_embarrass,8,hard
challenge_dlg_00192,P00273,achievement_joy,6,easy
challenge_dlg_00193,P01259,achievement_joy,6,easy
challenge_dlg_00194,P00145,achievement_joy,8,easy
challenge_dlg_00195,P00199,achievement_joy,7,easy
challenge_dlg_00196,P00319,shame_embarrass,8,easy
challenge_dlg_00197,P01130,achievement_joy,7,easy
challenge_dlg_00198,P00579,shame_embarrass,7,easy
challenge_dlg_00199,P00727,achievement_joy,5,easy
challenge_dlg_00200,P01060,achievement_joy,5,easy
